name,price,description,battery,motor_type,max_speed,weight,images,original_images,website,product_id,language,url,crawl_date,range,max_load
ENGWE E26,1399.0,,48V16Ah Removable Internal Lithium-ion*1,250W Brushless Motor,25 km/h (The actual speed will vary due to rider weight and road conditions),34.5 kg (76.06lbs),"['images/bikes/engwe-e26_f30dc0a6.jpg', 'images/bikes/engwe-e26_7b2bcc8d.jpg', 'images/bikes/engwe-e26_28aac411.jpg', 'images/bikes/engwe-e26_989fbc5a.jpg', 'images/bikes/engwe-e26_6319c00b.jpg', 'images/bikes/engwe-e26_8453674a.jpg', 'images/bikes/engwe-e26_0e8f9728.jpg', 'images/bikes/engwe-e26_fa47bd21.jpg', 'images/bikes/engwe-e26_50340964.jpg', 'images/bikes/engwe-e26_d9171c23.jpg', 'images/bikes/engwe-e26_57d062af.jpg', 'images/bikes/engwe-e26_4b5a58e4.jpg', 'images/bikes/engwe-e26_076630f3.jpg', 'images/bikes/engwe-e26_f2a5f798.jpg', 'images/bikes/engwe-e26_644a8b03.jpg']","['https://engwe-bikes-eu.com/cdn/shop/files/8_1045cc1c-dc18-4d75-99e9-d6938f91762f.jpg?v=1724667855&width=1214', 'https://engwe-bikes-eu.com/cdn/shop/files/1_7493d732-6725-4eb5-a1ff-f2b24edcad09.jpg?v=1724667855&width=1214', 'https://engwe-bikes-eu.com/cdn/shop/files/E26PC-01-outdoor-2.jpg?v=1724667855&width=1214', 'https://engwe-bikes-eu.com/cdn/shop/files/2_5056f24d-f635-48ff-a61e-a6caa69689c8.jpg?v=1724667855&width=1214', 'https://engwe-bikes-eu.com/cdn/shop/files/3_7a96a306-0f2a-41a6-8ee2-d1aeff9e8257.jpg?v=1724667855&width=1214', 'https://engwe-bikes-eu.com/cdn/shop/files/4_6456fe65-d673-4430-bd3e-1f4adf5fa838.jpg?v=1724667855&width=1214', 'https://engwe-bikes-eu.com/cdn/shop/files/6_9effc66d-5ac5-44ab-b531-e9822fe3770a.jpg?v=1724667855&width=1214', 'https://engwe-bikes-eu.com/cdn/shop/files/5_629bb4fd-ad99-4875-bb8e-3e0677feb45d.jpg?v=1724667855&width=1214', 'https://engwe-bikes-eu.com/cdn/shop/files/7_a020fd87-00fd-4849-ab56-b13cab06b746.jpg?v=1724667851&width=1214', 'https://engwe-bikes-eu.com/cdn/shop/files/9_29301a06-9354-4e12-b012-60bc7158276e.jpg?v=1698116440&width=1214', 'https://engwe-bikes-eu.com/cdn/shop/files/10_38b4ec2d-01e0-4ce9-b981-385488cee05d.jpg?v=1698116440&width=1214', 'https://engwe-bikes-eu.com/cdn/shop/files/11_99a68bc9-b270-413e-8b91-e62791cc080c.jpg?v=1698116440&width=1214', 'https://engwe-bikes-eu.com/cdn/shop/files/12_f1be8bc6-310f-4eee-89f0-504ac69d9cea.jpg?v=1698116440&width=1214', 'https://engwe-bikes-eu.com/cdn/shop/files/13_8bacdaa5-5d62-4864-8907-f14ff8496589.jpg?v=1698116440&width=1214', 'https://engwe-bikes-eu.com/cdn/shop/files/14_c3c4a942-8986-4171-89db-3d90abd9c729.jpg?v=1698116440&width=1214']",Engwe EU,engwe-e26,en-GB,https://engwe-bikes-eu.com/products/engwe-e26,2025-05-22T20:52:53.835383,,
ENGWE L20,1099.0,,48V13Ah Lithium-Ion Battery *1,250W Brushless Motor,25 km/h,74.8 lbs (34 kg),"['images/bikes/l20_287c5492.jpg', 'images/bikes/l20_9cce8aaf.jpg', 'images/bikes/l20_aa1e4461.jpg', 'images/bikes/l20_2e80cf8d.jpg', 'images/bikes/l20_db6188b9.jpg', 'images/bikes/l20_6b19a812.jpg', 'images/bikes/l20_96d797ed.jpg', 'images/bikes/l20_c1008cd1.jpg', 'images/bikes/l20_9ea0e84a.jpg', 'images/bikes/l20_2dfeae81.jpg', 'images/bikes/l20_5d8e3c54.jpg', 'images/bikes/l20_891dd97c.jpg', 'images/bikes/l20_fe2ba687.jpg', 'images/bikes/l20_4d145a6a.jpg']","['https://engwe-bikes-eu.com/cdn/shop/files/12_6f1fc1f4-69c2-4286-b8fc-6dfd370fe0c9.jpg?v=1747385112&width=1214', 'https://engwe-bikes-eu.com/cdn/shop/files/0_997644b3-07fb-44fc-bb00-df6ca8306acf.jpg?v=1747385112&width=1214', 'https://engwe-bikes-eu.com/cdn/shop/files/11_a8f9524a-bf18-4dd1-98fd-b80e9728187c.jpg?v=1747385112&width=1214', 'https://engwe-bikes-eu.com/cdn/shop/files/13_0fa39308-71f3-4136-9d22-dc35759467e0.jpg?v=1747385109&width=1214', 'https://engwe-bikes-eu.com/cdn/shop/files/1_8e8db600-0085-42b9-bce9-e668c85bb66e.jpg?v=1721390979&width=1214', 'https://engwe-bikes-eu.com/cdn/shop/files/4_b9cd79c1-feb2-4189-aa83-d3c42f99b5e2.jpg?v=1721390979&width=1214', 'https://engwe-bikes-eu.com/cdn/shop/files/2_335d6986-3bac-40b4-a67c-6d84fefb9b79.jpg?v=1721390979&width=1214', 'https://engwe-bikes-eu.com/cdn/shop/files/3_3f22d683-3535-44f2-a1cf-196ad4f390a0.jpg?v=1721390980&width=1214', 'https://engwe-bikes-eu.com/cdn/shop/files/6_df5ae3c0-e70c-44fc-a167-c05b9ed7c4d9.jpg?v=1721391234&width=1214', 'https://engwe-bikes-eu.com/cdn/shop/files/8.jpg?v=1721391234&width=1214', 'https://engwe-bikes-eu.com/cdn/shop/files/9_050d00fb-ec41-4ce0-8b34-b264436c7632.jpg?v=1721391234&width=1214', 'https://engwe-bikes-eu.com/cdn/shop/files/5_b8ee2fdd-3a6d-434f-9746-7c7575dc27a0.jpg?v=1721390976&width=1214', 'https://engwe-bikes-eu.com/cdn/shop/files/6_a053654f-0be5-4eb1-a2d1-8ae8d1ae097d.jpg?v=1721390984&width=1214', 'https://engwe-bikes-eu.com/cdn/shop/files/L20_4b374595-b315-41ce-89d0-fa23b8703068.jpg?v=1721784992&width=1214']",Engwe EU,l20,en-GB,https://engwe-bikes-eu.com/products/l20,2025-05-22T20:53:02.214077,,
ENGWE M20,1099.0,,48V13Ah Lithium-Ion Battery *1,Brushless Motor,25 km/h,76.72lbs (34.8KG),"['images/bikes/m20_4df990b6.png', 'images/bikes/m20_b37d42bf.jpg', 'images/bikes/m20_c9dfebb1.jpg', 'images/bikes/m20_57f5d51f.jpg', 'images/bikes/m20_c50da622.jpg', 'images/bikes/m20_0e98dad3.jpg', 'images/bikes/m20_0607cd22.jpg', 'images/bikes/m20_1ed03cec.jpg', 'images/bikes/m20_781ca9ee.jpg', 'images/bikes/m20_97754256.jpg', 'images/bikes/m20_97104d1f.png', 'images/bikes/m20_11267bb0.png', 'images/bikes/m20_04c8faf1.png', 'images/bikes/m20_4bb30d61.png', 'images/bikes/m20_0334c283.jpg', 'images/bikes/m20_67e30c5f.png', 'images/bikes/m20_0b4290a0.png', 'images/bikes/m20_5c934bd2.png', 'images/bikes/m20_e68ddf0f.png', 'images/bikes/m20_b4df06eb.png', 'images/bikes/m20_d465c500.png', 'images/bikes/m20_19cc8cf0.jpg']","['https://engwe-bikes-eu.com/cdn/shop/files/20_2c2115a8-a5b0-40d9-a94f-00482df99c86.png?v=1724668012&width=1214', 'https://engwe-bikes-eu.com/cdn/shop/files/M20_a24ec275-9877-4614-8caa-df60dbcc319a.jpg?v=1702018421&width=1214', 'https://engwe-bikes-eu.com/cdn/shop/files/M20_dbc4ca10-d4f1-4115-bc16-4c2c69cbff54.jpg?v=1724909886&width=1214', 'https://engwe-bikes-eu.com/cdn/shop/files/M20_ebb8428f-7a96-4a5b-91e9-894eb4c6a419.jpg?v=1724909886&width=1214', 'https://engwe-bikes-eu.com/cdn/shop/files/M20_c155b11d-689d-4767-bb25-daeb65cdd335.jpg?v=1724909886&width=1214', 'https://engwe-bikes-eu.com/cdn/shop/files/M20_c6c02586-52b1-47cd-8846-e5970d67f222.jpg?v=1724909886&width=1214', 'https://engwe-bikes-eu.com/cdn/shop/files/M20_6b6b1530-b8a9-4c8a-ba35-73d929914c9e.jpg?v=1724909886&width=1214', 'https://engwe-bikes-eu.com/cdn/shop/products/4_94e20de3-2616-4adc-95cd-fff23fd39ed4.jpg?v=1742906750&width=1214', 'https://engwe-bikes-eu.com/cdn/shop/products/6_a9bc132b-3bb5-413b-9983-d324cd144781.jpg?v=1742906750&width=1214', 'https://engwe-bikes-eu.com/cdn/shop/products/5.gif?v=1742906750&width=1214', 'https://engwe-bikes-eu.com/cdn/shop/products/17.png?v=1742906750&width=1214', 'https://engwe-bikes-eu.com/cdn/shop/products/16.png?v=1742906750&width=1214', 'https://engwe-bikes-eu.com/cdn/shop/products/18.png?v=1742906750&width=1214', 'https://engwe-bikes-eu.com/cdn/shop/products/19.png?v=1742906750&width=1214', 'https://engwe-bikes-eu.com/cdn/shop/files/1_08bf70a2-3e12-487a-a872-1e6cdf2ee827.jpg?v=1723633445&width=1214', 'https://engwe-bikes-eu.com/cdn/shop/products/6_296e9a4c-2d28-476f-aa41-550adb74a486.png?v=1702018421&width=1214', 'https://engwe-bikes-eu.com/cdn/shop/products/8.png?v=1702018421&width=1214', 'https://engwe-bikes-eu.com/cdn/shop/products/7.png?v=1702018421&width=1214', 'https://engwe-bikes-eu.com/cdn/shop/products/10.png?v=1702018421&width=1214', 'https://engwe-bikes-eu.com/cdn/shop/products/11.png?v=1702018421&width=1214', 'https://engwe-bikes-eu.com/cdn/shop/products/12.png?v=1702018421&width=1214', 'https://engwe-bikes-eu.com/cdn/shop/files/M20_f9638a5d-f09c-45bc-ac41-626944bf277a.jpg?v=1724909886&width=1214']",Engwe EU,m20,en-GB,https://engwe-bikes-eu.com/products/m20,2025-05-22T20:53:17.142988,,
ENGWE M1,1099.0,,"90 km (In PAS Mode 1, with 75kg rider and no other load.)",48V 250W Brushless Motor,25 km/h,39.5 kg,"['images/bikes/engwe-m1_8552023e.jpg', 'images/bikes/engwe-m1_44ed09b7.jpg', 'images/bikes/engwe-m1_f0b51c34.jpg', 'images/bikes/engwe-m1_e0b19310.jpg', 'images/bikes/engwe-m1_d6e2d19f.jpg', 'images/bikes/engwe-m1_dcaf7f7c.jpg', 'images/bikes/engwe-m1_a1bbedb9.jpg', 'images/bikes/engwe-m1_e215df94.jpg', 'images/bikes/engwe-m1_68f650a7.jpg', 'images/bikes/engwe-m1_c2b0fcb1.jpg', 'images/bikes/engwe-m1_2b90de26.jpg', 'images/bikes/engwe-m1_d9460683.jpg', 'images/bikes/engwe-m1_25d4163a.jpg', 'images/bikes/engwe-m1_d50f6229.jpg', 'images/bikes/engwe-m1_52ec546a.jpg', 'images/bikes/engwe-m1_ec040f40.jpg']","['https://engwe-bikes-eu.com/cdn/shop/files/4_f5d9a7b5-564c-4142-a437-f29fcb818ed2.jpg?v=1743583576&width=1214', 'https://engwe-bikes-eu.com/cdn/shop/files/3_e4e5efda-46c2-4b69-b682-19bf99c9f18d.jpg?v=1743583576&width=1214', 'https://engwe-bikes-eu.com/cdn/shop/files/M1_2V_13.jpg?v=1743585465&width=1214', 'https://engwe-bikes-eu.com/cdn/shop/files/2_6357ac6d-4fc8-4592-bee9-1f3d09695e67.jpg?v=1743585465&width=1214', 'https://engwe-bikes-eu.com/cdn/shop/files/3_ec17f5a5-f51b-4bf0-943f-79224b2ddd76.jpg?v=1743585465&width=1214', 'https://engwe-bikes-eu.com/cdn/shop/files/4_8b36c857-1a3f-4437-b21b-af4701cdfce6.jpg?v=1743585465&width=1214', 'https://engwe-bikes-eu.com/cdn/shop/files/1_b05f51d1-7268-4a15-b847-70acbf76b74b.jpg?v=1743585465&width=1214', 'https://engwe-bikes-eu.com/cdn/shop/files/11_f5ef2c74-2ce9-4828-9ee2-28ec71b3e055.jpg?v=1743585465&width=1214', 'https://engwe-bikes-eu.com/cdn/shop/files/12_042e5921-fdae-4476-81a9-0eed377e7760.jpg?v=1743585465&width=1214', 'https://engwe-bikes-eu.com/cdn/shop/files/9_a6c7f3ef-96b9-4a70-ac7d-bd0233d6ac54.jpg?v=1743585465&width=1214', 'https://engwe-bikes-eu.com/cdn/shop/files/10_b96b774e-6f0f-4d77-9376-9965f4448fd0.jpg?v=1743585465&width=1214', 'https://engwe-bikes-eu.com/cdn/shop/files/8_00579af6-9a57-40c7-a91b-9825034edfdb.jpg?v=1743585465&width=1214', 'https://engwe-bikes-eu.com/cdn/shop/files/5_748e5e5a-34c9-4abf-9f6e-9710123552f5.jpg?v=1743585465&width=1214', 'https://engwe-bikes-eu.com/cdn/shop/files/7_e356c5cd-2e53-47bc-90d3-668eba1adc2e.jpg?v=1743585465&width=1214', 'https://engwe-bikes-eu.com/cdn/shop/files/6_6a61fac9-dec5-47cd-8bad-ae6fdb6459dd.jpg?v=1743585465&width=1214', 'https://engwe-bikes-eu.com/cdn/shop/files/1_ae4fed5d-0f11-46f7-add1-f22509f13f12.jpg?v=1743585465&width=1214']",Engwe EU,engwe-m1,en-GB,https://engwe-bikes-eu.com/products/engwe-m1,2025-05-22T20:53:26.614796,,
ENGWE MAPFOUR N1 PRO,1999.0,,36V 10Ah Removable Lithium-ion Battery,250W Ananda Brushless Mid-drive Motor,25 km/h,19 kg (41.88 lbs),"['images/bikes/engwe-mapfour-n1-pro_7d289269.jpg', 'images/bikes/engwe-mapfour-n1-pro_8417bc53.jpg', 'images/bikes/engwe-mapfour-n1-pro_1d72944e.jpg', 'images/bikes/engwe-mapfour-n1-pro_64fe60ca.jpg', 'images/bikes/engwe-mapfour-n1-pro_0d2312d8.jpg', 'images/bikes/engwe-mapfour-n1-pro_d0a39fa4.jpg', 'images/bikes/engwe-mapfour-n1-pro_83f53ec3.jpg', 'images/bikes/engwe-mapfour-n1-pro_c00ab4c5.jpg', 'images/bikes/engwe-mapfour-n1-pro_bf15f16b.jpg', 'images/bikes/engwe-mapfour-n1-pro_5427a243.jpg', 'images/bikes/engwe-mapfour-n1-pro_b8a00f1e.jpg', 'images/bikes/engwe-mapfour-n1-pro_f95124fe.jpg']","['https://engwe-bikes-eu.com/cdn/shop/files/2_4e8bf0a6-3418-45e6-8303-88c8ac7aef24.jpg?v=1741244948&width=1214', 'https://engwe-bikes-eu.com/cdn/shop/files/N1_PRO.jpg?v=1741244948&width=1214', 'https://engwe-bikes-eu.com/cdn/shop/files/13_04edd23c-fdd1-46f1-aae2-c05a3213d1f3.jpg?v=1741405414&width=1214', 'https://engwe-bikes-eu.com/cdn/shop/files/1_6788546c-9cf8-4760-8d2d-c802164f19a7.jpg?v=1741405414&width=1214', 'https://engwe-bikes-eu.com/cdn/shop/files/3_a94e2a61-d4dc-4745-b151-e27efe002873.jpg?v=1741405414&width=1214', 'https://engwe-bikes-eu.com/cdn/shop/files/4_6774de8a-3e65-458e-869b-4e6e0cf69dd1.jpg?v=1741405414&width=1214', 'https://engwe-bikes-eu.com/cdn/shop/files/5_bff9c605-c2e1-4885-a513-566eeba42b4b.jpg?v=1741405414&width=1214', 'https://engwe-bikes-eu.com/cdn/shop/files/6_2f08824c-eb26-4a7e-a45d-2886fd3cb28b.jpg?v=1741405414&width=1214', 'https://engwe-bikes-eu.com/cdn/shop/files/8_30438c10-e0ab-4bd6-9b14-d94fcad06de4.jpg?v=1741405414&width=1214', 'https://engwe-bikes-eu.com/cdn/shop/files/9_ac4bb4e4-a5e5-4c0a-91a6-9a8a69202177.jpg?v=1741405414&width=1214', 'https://engwe-bikes-eu.com/cdn/shop/files/7_435872a5-55da-4fc9-b96c-49d05e7d9b8c.jpg?v=1741405414&width=1214', 'https://engwe-bikes-eu.com/cdn/shop/files/11_642b129d-0afb-4e34-988a-645c8e4357f2.jpg?v=1741405414&width=1214']",Engwe EU,engwe-mapfour-n1-pro,en-GB,https://engwe-bikes-eu.com/products/engwe-mapfour-n1-pro,2025-05-22T20:53:34.018890,,
ENGINE PRO 2.0,1449.0,,16Ah Lithium-ion Battery,Magnesium Alloy Integrated Wheel Hub Motor,25km/h (PAS 5),31.6 kg,"['images/bikes/engwe-engine-pro-2-0_391e5e8f.jpg', 'images/bikes/engwe-engine-pro-2-0_3d21f282.jpg', 'images/bikes/engwe-engine-pro-2-0_39e899bb.jpg', 'images/bikes/engwe-engine-pro-2-0_4e9e5835.jpg', 'images/bikes/engwe-engine-pro-2-0_80548a45.jpg', 'images/bikes/engwe-engine-pro-2-0_021ea2fa.jpg', 'images/bikes/engwe-engine-pro-2-0_fbf0dc13.jpg', 'images/bikes/engwe-engine-pro-2-0_7b17f51e.jpg']","['https://engwe-bikes-eu.com/cdn/shop/files/Engine_Pro_2_2.jpg?v=1746016850&width=1214', 'https://engwe-bikes-eu.com/cdn/shop/files/8_4251da24-a527-4970-bf3e-0b347e49818d.jpg?v=1746523022&width=1214', 'https://engwe-bikes-eu.com/cdn/shop/files/9_db29dbc8-bab6-468b-9c4d-1b1214b64de2.jpg?v=1746523041&width=1214', 'https://engwe-bikes-eu.com/cdn/shop/files/Engine_Pro_2_6.jpg?v=1746016850&width=1214', 'https://engwe-bikes-eu.com/cdn/shop/files/Engine_Pro_2_3.jpg?v=1746016850&width=1214', 'https://engwe-bikes-eu.com/cdn/shop/files/Engine_Pro_2_4.jpg?v=1746016850&width=1214', 'https://engwe-bikes-eu.com/cdn/shop/files/Engine_Pro_2_1.jpg?v=1746016850&width=1214', 'https://engwe-bikes-eu.com/cdn/shop/files/Engine_Pro_2_5.jpg?v=1746016850&width=1214']",Engwe EU,engwe-engine-pro-2-0,en-GB,https://engwe-bikes-eu.com/products/engwe-engine-pro-2-0,2025-05-22T20:53:39.921473,,
ENGWE LE20,1599.0,,"180 km (In PAS Mode 1, with 75kg rider and no other load.)",48V 250W Brushless Mid-drive Motor,25 km/h,36.8kg,"['images/bikes/le20_f4854057.jpg', 'images/bikes/le20_9e2673e3.jpg', 'images/bikes/le20_45636471.jpg', 'images/bikes/le20_ff5deedf.jpg', 'images/bikes/le20_01dc9c7b.jpg', 'images/bikes/le20_19b600fa.jpg', 'images/bikes/le20_3080d6e7.jpg', 'images/bikes/le20_946fa6c2.jpg', 'images/bikes/le20_3f01699c.jpg', 'images/bikes/le20_e34e2c4e.jpg', 'images/bikes/le20_67483f96.jpg', 'images/bikes/le20_0cf26048.jpg', 'images/bikes/le20_4f8f6961.jpg', 'images/bikes/le20_f563d82f.jpg', 'images/bikes/le20_7facd814.jpg', 'images/bikes/le20_fd0287ad.jpg', 'images/bikes/le20_858218a4.jpg', 'images/bikes/le20_cbcf563f.jpg', 'images/bikes/le20_a243806b.jpg', 'images/bikes/le20_49d1bf69.jpg', 'images/bikes/le20_179bce2f.jpg', 'images/bikes/le20_8ae4a64e.jpg', 'images/bikes/le20_bbd39b24.jpg', 'images/bikes/le20_ff9eaf4a.jpg', 'images/bikes/le20_6a3cb88f.jpg', 'images/bikes/le20_0effce22.jpg', 'images/bikes/le20_98e255d3.jpg', 'images/bikes/le20_0d4fd249.jpg', 'images/bikes/le20_cf7fbb6d.jpg', 'images/bikes/le20_29e74792.jpg', 'images/bikes/le20_116ff19d.jpg', 'images/bikes/le20_d7968cb4.jpg', 'images/bikes/le20_f39f9100.jpg', 'images/bikes/le20_e3bd7855.jpg', 'images/bikes/le20_6e1f360a.jpg', 'images/bikes/le20_47135b45.jpg', 'images/bikes/le20_9f364eaf.jpg', 'images/bikes/le20_e599489d.jpg', 'images/bikes/le20_ae6f5b95.jpg', 'images/bikes/le20_7356a1fd.jpg', 'images/bikes/le20_94b7bc4b.jpg', 'images/bikes/le20_055cc2f4.jpg', 'images/bikes/le20_cdaefec2.jpg', 'images/bikes/le20_fc15c199.jpg', 'images/bikes/le20_fcfd2011.jpg', 'images/bikes/le20_d2e7b60e.jpg', 'images/bikes/le20_e30f9ee8.jpg', 'images/bikes/le20_27392835.jpg', 'images/bikes/le20_691f54df.jpg', 'images/bikes/le20_06eea26b.jpg', 'images/bikes/le20_fc1e5641.jpg', 'images/bikes/le20_32c645b7.jpg', 'images/bikes/le20_854c8014.jpg']","['https://engwe-bikes-eu.com/cdn/shop/files/1_17e3e841-5b66-4ddf-bf7d-3aa9afa4c04f.jpg?v=1726830204&width=1214', 'https://engwe-bikes-eu.com/cdn/shop/files/LE20_a159039e-f805-405d-a151-d32ee636a241.jpg?v=1734141010&width=1214', 'https://engwe-bikes-eu.com/cdn/shop/files/ef27b6009466ebf3c9fee2a6c11d296a.jpg?v=1734141010&width=1214', 'https://engwe-bikes-eu.com/cdn/shop/files/500c0daf69c1985419279ecb66808ad2_ebdffe88-a625-4ef8-80d4-279af3c29bf6.jpg?v=1734141010&width=1214', 'https://engwe-bikes-eu.com/cdn/shop/files/2_17b4a2a5-171e-400d-90c7-2f6baf3dd0d3.jpg?v=1734141010&width=1214', 'https://engwe-bikes-eu.com/cdn/shop/files/01_19100fae-5635-40ca-b641-345cba8c1db4.jpg?v=1734141010&width=1214', 'https://engwe-bikes-eu.com/cdn/shop/files/04_280f6fd7-fb00-476c-8993-ad25b809c0f2.jpg?v=1734141010&width=1214', 'https://engwe-bikes-eu.com/cdn/shop/files/1_464aabe0-8ac2-4548-b97d-74999c0217b2.jpg?v=1734141010&width=1214', 'https://engwe-bikes-eu.com/cdn/shop/files/24f12d42f7e866a1aafbc945aaf01e2a_5ddf04b2-a234-40fb-9033-dec388d2b5dd.jpg?v=1734141010&width=1214', 'https://engwe-bikes-eu.com/cdn/shop/files/03_657a4620-17a1-47a2-bfe3-f8b31c3f1609.jpg?v=1734141010&width=1214', 'https://engwe-bikes-eu.com/cdn/shop/files/02_663bbbd2-6229-4383-a177-72d216ca0bfe.jpg?v=1734141010&width=1214', 'https://engwe-bikes-eu.com/cdn/shop/files/05_3176caff-c640-4235-b688-a9ebac1571b2.jpg?v=1734141010&width=1214', 'https://engwe-bikes-eu.com/cdn/shop/files/03_de99e7c2-3702-4f6f-9779-78d5114013e9.jpg?v=1734141010&width=1214', 'https://engwe-bikes-eu.com/cdn/shop/files/3_87214d5f-36cd-4bc0-8889-ac9a52c8323d.jpg?v=1734141010&width=1214', 'https://engwe-bikes-eu.com/cdn/shop/files/06_25313624-53b0-4066-9825-7e3bf4fc5cfd.jpg?v=1734141010&width=1214', 'https://engwe-bikes-eu.com/cdn/shop/files/450f3ecec161a55236cccb7a7f6011f3.jpg?v=1734141010&width=1214', 'https://engwe-bikes-eu.com/cdn/shop/files/2_5add7545-2df0-4eb9-b6f3-4c8b6de98182.jpg?v=1734141010&width=1214', 'https://engwe-bikes-eu.com/cdn/shop/files/3_27eed68d-6665-4f00-afb0-bbf5ed1be822.jpg?v=1734141010&width=1214', 'https://engwe-bikes-eu.com/cdn/shop/files/1_11d7bb22-f698-414d-b090-67c84c6ff73b.jpg?v=1734141010&width=1214', 'https://engwe-bikes-eu.com/cdn/shop/files/23f0d77d3556d13c571548f3ef40aac5.jpg?v=1734141010&width=1214', 'https://engwe-bikes-eu.com/cdn/shop/files/7cc2a09cab55bf796a38490ddcb55d7c.jpg?v=1734141010&width=1214', 'https://engwe-bikes-eu.com/cdn/shop/files/1_ec14d3d4-078c-4ab7-9373-cc0d638bc7e6.jpg?v=1734141010&width=1214', 'https://engwe-bikes-eu.com/cdn/shop/files/2_d397f4a2-99a8-4aac-8161-1bd131e210ed.jpg?v=1734141010&width=1214', 'https://engwe-bikes-eu.com/cdn/shop/files/3_da2e684b-b09d-45c7-ab18-3a25f9421ea3.jpg?v=1734141010&width=1214', 'https://engwe-bikes-eu.com/cdn/shop/files/742d026f3586a8fab86b78fd9bf8844f.jpg?v=1734141010&width=1214', 'https://engwe-bikes-eu.com/cdn/shop/files/1_005913e8-af6b-444a-9cc8-9d6dcd2889c0.jpg?v=1734141010&width=1214', 'https://engwe-bikes-eu.com/cdn/shop/files/1_1d9a4b12-ab6a-461d-bfac-cbc957be69fd.jpg?v=1734141010&width=1214', 'https://engwe-bikes-eu.com/cdn/shop/files/LE20_Blue_Single_Battery_Standard.jpg?v=1747734250&width=1214', 'https://engwe-bikes-eu.com/cdn/shop/files/LE20_Blue_Single_Battery_Passenger.jpg?v=1747735308&width=1214', 'https://engwe-bikes-eu.com/cdn/shop/files/LE20_Blue_Single_Battery_Vesatile_Canvas.jpg?v=1747735539&width=1214', 'https://engwe-bikes-eu.com/cdn/shop/files/LE20_Blue_Single_Battery_8A_FlashCharge.jpg?v=1747735739&width=1214', 'https://engwe-bikes-eu.com/cdn/shop/files/LE20_Blue_Single_Battery_Cargo.jpg?v=1747735902&width=1214', 'https://engwe-bikes-eu.com/cdn/shop/files/LE20_Blue_Dual_Batteries_Passenger.jpg?v=1747736094&width=1214', 'https://engwe-bikes-eu.com/cdn/shop/files/LE20_Dual_Batteries_Blue_8A_FlashCharge.jpg?v=1747736221&width=1214', 'https://engwe-bikes-eu.com/cdn/shop/files/LE20_Blue_Dual_Batteries_Cargo.jpg?v=1747736352&width=1214', 'https://engwe-bikes-eu.com/cdn/shop/files/LE20_Single_Battery_Grey_99b23177-adf0-4c06-b73d-355778b8b727.jpg?v=1747736530&width=1214', 'https://engwe-bikes-eu.com/cdn/shop/files/LE20_Blue_Single_Battery_Passenger_1.jpg?v=1747736642&width=1214', 'https://engwe-bikes-eu.com/cdn/shop/files/LE20_Blue_Single_Battery_Vesatile_Canvas_1.jpg?v=1747736718&width=1214', 'https://engwe-bikes-eu.com/cdn/shop/files/LE20_Blue_Single_Battery_8A_FlashCharge_1.jpg?v=1747736831&width=1214', 'https://engwe-bikes-eu.com/cdn/shop/files/LE20_Blue_Single_Battery_Cargo_1.jpg?v=1747736909&width=1214', 'https://engwe-bikes-eu.com/cdn/shop/files/LE20_Dual_Batteries_Blue.jpg?v=1747737011&width=1214', 'https://engwe-bikes-eu.com/cdn/shop/files/LE20_Blue_Dual_Batteries_Passenger_1.jpg?v=1747737082&width=1214', 'https://engwe-bikes-eu.com/cdn/shop/files/LE20_Blue_Dual_Batteries_Passenger_Vesatile_Canvas.jpg?v=1747737148&width=1214', 'https://engwe-bikes-eu.com/cdn/shop/files/LE20_Dual_Batteries_Blue_8A_FlashCharge_1.jpg?v=1747737241&width=1214', 'https://engwe-bikes-eu.com/cdn/shop/files/LE20_Blue_Dual_Batteries_Cargo_1.jpg?v=1747737310&width=1214', 'https://engwe-bikes-eu.com/cdn/shop/files/LE20_Single_Battery_Grey_Passenger.jpg?v=1747737373&width=1214', 'https://engwe-bikes-eu.com/cdn/shop/files/LE20_Single_Battery_Grey_Vesatile_Canvas.jpg?v=1747737472&width=1214', 'https://engwe-bikes-eu.com/cdn/shop/files/LE20_Single_Battery_Grey_8A_FlashCharge.jpg?v=1747737597&width=1214', 'https://engwe-bikes-eu.com/cdn/shop/files/LE20_Single_Battery_Grey_Cargo.jpg?v=1747737694&width=1214', 'https://engwe-bikes-eu.com/cdn/shop/files/LE20_Dual_Batteries_Grey_Passenger.jpg?v=1747737844&width=1214', 'https://engwe-bikes-eu.com/cdn/shop/files/LE20_Dual_Batteries_Grey_8A_FlashCharge.jpg?v=1747737959&width=1214', 'https://engwe-bikes-eu.com/cdn/shop/files/LE20_Dual_Batteries_Grey_Cargo.jpg?v=1747738061&width=1214', 'https://engwe-bikes-eu.com/cdn/shop/files/LE20_Dual_Batteries_Grey_Vesatile_Canvas.jpg?v=1747822167&width=1214']",Engwe EU,le20,en-GB,https://engwe-bikes-eu.com/products/le20,2025-05-22T20:54:05.297789,,
ENGWE Y10,399.0,,36V13AH Lithium-Ion Battery *1,350W Motor,,17.2 kg (37.91lbs),"['images/bikes/engwe-y10_22868e3c.png', 'images/bikes/engwe-y10_3f9b730a.jpg', 'images/bikes/engwe-y10_ec5757ba.jpg', 'images/bikes/engwe-y10_b5302db0.jpg', 'images/bikes/engwe-y10_a103dbe4.jpg', 'images/bikes/engwe-y10_ad18d0b8.jpg', 'images/bikes/engwe-y10_dab82239.jpg', 'images/bikes/engwe-y10_dc5f3267.jpg', 'images/bikes/engwe-y10_a7569f9a.jpg', 'images/bikes/engwe-y10_57fc413f.jpg']","['https://engwe-bikes-eu.com/cdn/shop/files/Y10.png?v=1727088886&width=1214', 'https://engwe-bikes-eu.com/cdn/shop/files/Y10.jpg?v=1724910107&width=1214', 'https://engwe-bikes-eu.com/cdn/shop/files/Y10_1.jpg?v=1724910107&width=1214', 'https://engwe-bikes-eu.com/cdn/shop/files/2_e7ca6c0b-081b-43ad-be5a-58880ac2d859.jpg?v=1724910106&width=1214', 'https://engwe-bikes-eu.com/cdn/shop/files/3_a0b28e63-c5ce-4afe-8be6-0609643eb643.jpg?v=1724910106&width=1214', 'https://engwe-bikes-eu.com/cdn/shop/files/4_1aa42512-5a7d-441b-b9f4-c1a3bfb7ebe6.jpg?v=1724910106&width=1214', 'https://engwe-bikes-eu.com/cdn/shop/files/5_40d861af-b7e5-467e-b1e0-f020dc2d94ec.jpg?v=1724910106&width=1214', 'https://engwe-bikes-eu.com/cdn/shop/files/6_44d3e797-1a88-4e4e-b70d-a06ce33873a0.jpg?v=1724910106&width=1214', 'https://engwe-bikes-eu.com/cdn/shop/files/7_294f794a-e8e2-4864-a161-1143c12c5f30.jpg?v=1724910106&width=1214', 'https://engwe-bikes-eu.com/cdn/shop/files/1_718a058f-e453-4a3c-81b2-ca656b646685.jpg?v=1724910106&width=1214']",Engwe EU,engwe-y10,en-GB,https://engwe-bikes-eu.com/products/engwe-y10,2025-05-22T20:54:10.261839,65 km (PAS Mode),
ENGWE T14,599.0,,48V10AH Lithium-Ion Battery,250W Motor,20-25 km/h,22.7 kg (49.9 lbs),"['images/bikes/engwe-t14-folding-electric-bike_ed1c3e07.jpg', 'images/bikes/engwe-t14-folding-electric-bike_50e2fa3e.jpg', 'images/bikes/engwe-t14-folding-electric-bike_47ac9df0.jpg', 'images/bikes/engwe-t14-folding-electric-bike_146b7e90.jpg', 'images/bikes/engwe-t14-folding-electric-bike_09d674b2.jpg', 'images/bikes/engwe-t14-folding-electric-bike_73a1bf47.jpg', 'images/bikes/engwe-t14-folding-electric-bike_7f6f5f65.jpg', 'images/bikes/engwe-t14-folding-electric-bike_02b26c52.jpg', 'images/bikes/engwe-t14-folding-electric-bike_e661b7c2.jpg', 'images/bikes/engwe-t14-folding-electric-bike_56c15534.jpg', 'images/bikes/engwe-t14-folding-electric-bike_fd987b07.jpg', 'images/bikes/engwe-t14-folding-electric-bike_89e23f0e.jpg', 'images/bikes/engwe-t14-folding-electric-bike_c95767ff.jpg', 'images/bikes/engwe-t14-folding-electric-bike_bf9ac6ee.jpg', 'images/bikes/engwe-t14-folding-electric-bike_a9c08b66.jpg', 'images/bikes/engwe-t14-folding-electric-bike_7d0076bb.jpg', 'images/bikes/engwe-t14-folding-electric-bike_1488f8f3.jpg', 'images/bikes/engwe-t14-folding-electric-bike_f218e809.jpg', 'images/bikes/engwe-t14-folding-electric-bike_e329caca.jpg', 'images/bikes/engwe-t14-folding-electric-bike_c6d2d19a.jpg', 'images/bikes/engwe-t14-folding-electric-bike_926acc48.jpg', 'images/bikes/engwe-t14-folding-electric-bike_66facc6b.jpg']","['https://engwe-bikes-eu.com/cdn/shop/files/T14_6.jpg?v=1744772899&width=1214', 'https://engwe-bikes-eu.com/cdn/shop/products/07_1f7e2fda-609d-4b17-8320-627854055c51.jpg?v=1744772899&width=1214', 'https://engwe-bikes-eu.com/cdn/shop/files/T14_1a4cf16e-aa55-4467-b58b-f58222886881.jpg?v=1744772899&width=1214', 'https://engwe-bikes-eu.com/cdn/shop/products/03_add458e1-d808-4e06-a7f0-945b65216202.jpg?v=1744772899&width=1214', 'https://engwe-bikes-eu.com/cdn/shop/products/06_b6b044bb-20c6-428d-a19c-5b34a15cfaef.jpg?v=1744772899&width=1214', 'https://engwe-bikes-eu.com/cdn/shop/files/55811c57005fac4a42eb60cfde69e2f3.jpg?v=1744772899&width=1214', 'https://engwe-bikes-eu.com/cdn/shop/products/05_d01e2771-e5b3-4588-ba03-137ab8abe375.jpg?v=1744772899&width=1214', 'https://engwe-bikes-eu.com/cdn/shop/files/T14_1.jpg?v=1744772899&width=1214', 'https://engwe-bikes-eu.com/cdn/shop/products/4_8a678989-f2ea-45e6-95ac-1afe5936e7dd.jpg?v=1744772899&width=1214', 'https://engwe-bikes-eu.com/cdn/shop/files/T14_5.jpg?v=1744772899&width=1214', 'https://engwe-bikes-eu.com/cdn/shop/files/T14_9.jpg?v=1744772899&width=1214', 'https://engwe-bikes-eu.com/cdn/shop/files/T14_2.jpg?v=1744772899&width=1214', 'https://engwe-bikes-eu.com/cdn/shop/files/T14_3.jpg?v=1744772899&width=1214', 'https://engwe-bikes-eu.com/cdn/shop/files/T14_7.jpg?v=1744772899&width=1214', 'https://engwe-bikes-eu.com/cdn/shop/files/T14_8.jpg?v=1744772899&width=1214', 'https://engwe-bikes-eu.com/cdn/shop/files/T14_4.jpg?v=1744772899&width=1214', 'https://engwe-bikes-eu.com/cdn/shop/products/24_b66d1f6b-8fee-4e8a-b4c8-50aa40a65ae7.jpg?v=1744772899&width=1214', 'https://engwe-bikes-eu.com/cdn/shop/files/T14_COMBO_orange.jpg?v=1744772899&width=1214', 'https://engwe-bikes-eu.com/cdn/shop/products/8.jpg?v=1744772899&width=1214', 'https://engwe-bikes-eu.com/cdn/shop/products/6_6c16cda4-9c35-4aa0-a21d-8b38396b5b37.jpg?v=1744772899&width=1214', 'https://engwe-bikes-eu.com/cdn/shop/products/5_a66e627c-2629-425e-9d2e-f12acdb0bf80.jpg?v=1744772899&width=1214', 'https://engwe-bikes-eu.com/cdn/shop/products/17_8542b53b-0199-4906-b455-44477c08cb7d.jpg?v=1744772899&width=1214']",Engwe EU,engwe-t14-folding-electric-bike,en-GB,https://engwe-bikes-eu.com/products/engwe-t14-folding-electric-bike,2025-05-22T20:54:22.320614,25 km (Electric Mode),
ENGWE MAPFOUR N1 AIR,1499.0,,36V 10Ah SAMSUNG Removable Lithium-ion Battery,MIVICE M070 Rear Hub Motor,25 km/h,15.6 kg (34.39 lbs),"['images/bikes/engwe-mapfour-n1-air_f4afbde2.jpg', 'images/bikes/engwe-mapfour-n1-air_8a600099.jpg', 'images/bikes/engwe-mapfour-n1-air_58bd77f9.jpg', 'images/bikes/engwe-mapfour-n1-air_12ba038a.jpg', 'images/bikes/engwe-mapfour-n1-air_fa5ce473.jpg', 'images/bikes/engwe-mapfour-n1-air_e20a11ac.jpg', 'images/bikes/engwe-mapfour-n1-air_72d38d7f.jpg', 'images/bikes/engwe-mapfour-n1-air_6890b9db.jpg', 'images/bikes/engwe-mapfour-n1-air_069d6ffe.jpg', 'images/bikes/engwe-mapfour-n1-air_88749bb0.jpg', 'images/bikes/engwe-mapfour-n1-air_ee6038c7.jpg', 'images/bikes/engwe-mapfour-n1-air_ec963ecf.jpg', 'images/bikes/engwe-mapfour-n1-air_fbf46f84.jpg', 'images/bikes/engwe-mapfour-n1-air_6abac5e4.jpg', 'images/bikes/engwe-mapfour-n1-air_347a7a2c.jpg']","['https://engwe-bikes-eu.com/cdn/shop/files/MAPFOUR_N1_AIR.jpg?v=1741245127&width=1214', 'https://engwe-bikes-eu.com/cdn/shop/files/N1_Air.jpg?v=1741245127&width=1214', 'https://engwe-bikes-eu.com/cdn/shop/files/MAPFOUR_N1_AIR_3.jpg?v=1740992719&width=1214', 'https://engwe-bikes-eu.com/cdn/shop/files/MAPFOUR_N1_AIR_9_fb3f5ac7-7974-40d5-9b46-1f07b3fb6647.jpg?v=1740992719&width=1214', 'https://engwe-bikes-eu.com/cdn/shop/files/MAPFOUR_N1_AIR_5_05630078-74ca-4130-93ab-ce44052ba367.jpg?v=1740992719&width=1214', 'https://engwe-bikes-eu.com/cdn/shop/files/MAPFOUR_N1_AIR_4.jpg?v=1740992719&width=1214', 'https://engwe-bikes-eu.com/cdn/shop/files/MAPFOUR_N1_AIR_6.jpg?v=1740992719&width=1214', 'https://engwe-bikes-eu.com/cdn/shop/files/MAPFOUR_N1_AIR_7.jpg?v=1740992719&width=1214', 'https://engwe-bikes-eu.com/cdn/shop/files/MAPFOUR_N1_AIR_8.jpg?v=1740992719&width=1214', 'https://engwe-bikes-eu.com/cdn/shop/files/3_4abc88d0-8ee4-4dc6-a7e0-39c172748f4a.jpg?v=1740992719&width=1214', 'https://engwe-bikes-eu.com/cdn/shop/files/5_3065b7ed-b482-4a00-8ee3-4f2a2927f884.jpg?v=1740992719&width=1214', 'https://engwe-bikes-eu.com/cdn/shop/files/1_06670a5a-1a59-42a2-9efd-4a7858e7261b.jpg?v=1740992719&width=1214', 'https://engwe-bikes-eu.com/cdn/shop/files/4_219bb77d-7e30-445e-a50d-256f0a987e32.jpg?v=1740992719&width=1214', 'https://engwe-bikes-eu.com/cdn/shop/files/6_768e0422-c610-409a-9f16-7d9a2a9165c7.jpg?v=1740992719&width=1214', 'https://engwe-bikes-eu.com/cdn/shop/files/2_9ce48414-e7b0-4f3b-ad51-129c5653cec2.jpg?v=1740992719&width=1214']",Engwe EU,engwe-mapfour-n1-air,en-GB,https://engwe-bikes-eu.com/products/engwe-mapfour-n1-air,2025-05-22T20:54:31.498681,,
L20 3.0 Boost,1399.0,,"48V 13.5Ah (648Wh), 21700 Cells, with BMS",48V Hub Motor,,33.2 kg(73.2 lbs),"['images/bikes/l20-3-0-boost_15184086.jpg', 'images/bikes/l20-3-0-boost_b7500bce.jpg', 'images/bikes/l20-3-0-boost_532bc93b.jpg', 'images/bikes/l20-3-0-boost_b9bd5844.jpg', 'images/bikes/l20-3-0-boost_5270668f.jpg', 'images/bikes/l20-3-0-boost_45286748.jpg', 'images/bikes/l20-3-0-boost_ebe214ce.jpg', 'images/bikes/l20-3-0-boost_8acab93a.jpg', 'images/bikes/l20-3-0-boost_1df73e7f.jpg', 'images/bikes/l20-3-0-boost_9a9f2e5c.jpg', 'images/bikes/l20-3-0-boost_085971fb.jpg', 'images/bikes/l20-3-0-boost_e085d4b5.jpg', 'images/bikes/l20-3-0-boost_cb404128.jpg', 'images/bikes/l20-3-0-boost_ac14b7cd.jpg']","['https://engwe-bikes-eu.com/cdn/shop/files/1_f4fec298-8469-4aec-8610-3680b5dbfc7b.jpg?v=1742007116&width=1214', 'https://engwe-bikes-eu.com/cdn/shop/files/L20-3.0-BOOST.jpg?v=1742007116&width=1214', 'https://engwe-bikes-eu.com/cdn/shop/files/L20-3.0-BOOST_-_1.jpg?v=1742007116&width=1214', 'https://engwe-bikes-eu.com/cdn/shop/files/2_95e2c5ce-982c-43da-915c-17d27d6f4bf8.jpg?v=1742007116&width=1214', 'https://engwe-bikes-eu.com/cdn/shop/files/3_542d7fa2-70d9-4553-8aca-cb087971212e.jpg?v=1742007116&width=1214', 'https://engwe-bikes-eu.com/cdn/shop/files/Rear-Baskets.jpg?v=1742007116&width=1214', 'https://engwe-bikes-eu.com/cdn/shop/files/Shimano-7-Speed_cc75ddc8-e4bc-448b-8a69-dc9e13e9b899.jpg?v=1742007116&width=1214', 'https://engwe-bikes-eu.com/cdn/shop/files/cff5d5a42349c6b532f33f5628d44ca0.jpg?v=1742007116&width=1214', 'https://engwe-bikes-eu.com/cdn/shop/files/Hydraulic-Brakes.jpg?v=1742007116&width=1214', 'https://engwe-bikes-eu.com/cdn/shop/files/Ergonomic-Saddle.jpg?v=1742007116&width=1214', 'https://engwe-bikes-eu.com/cdn/shop/files/680mm-Swept-Back-Handlebar.jpg?v=1742007116&width=1214', 'https://engwe-bikes-eu.com/cdn/shop/files/1_0c0acc89-d192-400d-9c4a-bf7d414ee102.jpg?v=1742007116&width=1214', 'https://engwe-bikes-eu.com/cdn/shop/files/2_4605ad29-ca92-4c56-89da-ba98be77b5fb.jpg?v=1742007116&width=1214', 'https://engwe-bikes-eu.com/cdn/shop/files/3_0c1adee3-d347-4bc3-bbed-3f3017cb9210.jpg?v=1742007116&width=1214']",Engwe EU,l20-3-0-boost,en-GB,https://engwe-bikes-eu.com/products/l20-3-0-boost,2025-05-22T20:54:40.276521,135 km(Fully Charged),150kg (330 lbs)
L20 Boost,1149.0,,48V13Ah Lithium-Ion Battery,250W Brushless Motor,25 km/h (No Throttle),74.8 lbs (34 kg),"['images/bikes/l20-boost_233254f7.jpg', 'images/bikes/l20-boost_564aa275.jpg', 'images/bikes/l20-boost_d05d1600.jpg', 'images/bikes/l20-boost_5190266f.jpg', 'images/bikes/l20-boost_b5a75f8d.jpg', 'images/bikes/l20-boost_50d4b644.jpg', 'images/bikes/l20-boost_cbc6ff93.jpg', 'images/bikes/l20-boost_96ec338d.jpg', 'images/bikes/l20-boost_414a8f1a.jpg', 'images/bikes/l20-boost_8935bffc.jpg', 'images/bikes/l20-boost_25408b5d.jpg', 'images/bikes/l20-boost_ec397397.jpg', 'images/bikes/l20-boost_b9b5b3fe.jpg', 'images/bikes/l20-boost_495d69ab.jpg', 'images/bikes/l20-boost_9d2b30fe.jpg', 'images/bikes/l20-boost_a683260e.jpg', 'images/bikes/l20-boost_f3582cae.jpg', 'images/bikes/l20-boost_a0fbbf66.jpg']","['https://engwe-bikes-eu.com/cdn/shop/files/8c15d41b9b829464843b5aa4449a28f3.jpg?v=1739786905&width=1214', 'https://engwe-bikes-eu.com/cdn/shop/files/4fe40f089696834c4906303a743d01c5_255c3d04-6646-469f-b014-5b2044c67bff.jpg?v=1739786905&width=1214', 'https://engwe-bikes-eu.com/cdn/shop/files/c8a850aa155439fadd14177ed610693f.jpg?v=1739786905&width=1214', 'https://engwe-bikes-eu.com/cdn/shop/files/3_b5a8bfdd-ed35-4f35-81cf-6bed76cd493f.jpg?v=1739786905&width=1214', 'https://engwe-bikes-eu.com/cdn/shop/files/df1ab30b074c29d48d32dcea64f74684.jpg?v=1739786905&width=1214', 'https://engwe-bikes-eu.com/cdn/shop/files/10_fecd12ea-9cb6-47b4-85bf-2a9362f85741.jpg?v=1739786905&width=1214', 'https://engwe-bikes-eu.com/cdn/shop/files/17_279112be-b8c5-4855-b546-377ddcf77ccc.jpg?v=1739786905&width=1214', 'https://engwe-bikes-eu.com/cdn/shop/files/18.jpg?v=1739786905&width=1214', 'https://engwe-bikes-eu.com/cdn/shop/files/15_bd86388f-5a56-43d2-8baa-a511d3a11846.jpg?v=1739786905&width=1214', 'https://engwe-bikes-eu.com/cdn/shop/files/10_e2e89e70-c5fa-452d-8e88-2b75e6fa8216.jpg?v=1739786905&width=1214', 'https://engwe-bikes-eu.com/cdn/shop/files/16_20004099-2f13-4b5a-bb7a-8e20b63c9e03.jpg?v=1739786905&width=1214', 'https://engwe-bikes-eu.com/cdn/shop/files/7_265347b3-83c8-4045-8c3a-92a3e537b19d.jpg?v=1739786905&width=1214', 'https://engwe-bikes-eu.com/cdn/shop/files/8_169b4044-a9eb-41c1-bb97-773a9f130690.jpg?v=1739786905&width=1214', 'https://engwe-bikes-eu.com/cdn/shop/files/9_29866c37-fd11-4441-ac39-63a45e3870d2.jpg?v=1739786905&width=1214', 'https://engwe-bikes-eu.com/cdn/shop/files/14_b07eafad-2d44-49b7-8d47-dbfa14e44030.jpg?v=1739786905&width=1214', 'https://engwe-bikes-eu.com/cdn/shop/files/12_6b3d7b7b-6cc9-4bfc-95d3-91031fb5fc74.jpg?v=1739786905&width=1214', 'https://engwe-bikes-eu.com/cdn/shop/files/11_a9b11d0e-4b03-4194-b21b-c1496e56b708.jpg?v=1739786905&width=1214', 'https://engwe-bikes-eu.com/cdn/shop/files/13_521036e0-14d0-4817-962e-bf47c08b6f29.jpg?v=1739786905&width=1214']",Engwe EU,l20-boost,en-GB,https://engwe-bikes-eu.com/products/l20-boost,2025-05-22T20:54:48.540539,,
EP-2 Boost,999.0,,48V13Ah Removable Internal Lithium-ion *1,250W Brushless Motor,25 km/h,30 kg (66lbs),"['images/bikes/ep-2-boost_db0c2771.jpg', 'images/bikes/ep-2-boost_b4adab35.jpg', 'images/bikes/ep-2-boost_c1f16b5b.jpg', 'images/bikes/ep-2-boost_45d1136d.jpg', 'images/bikes/ep-2-boost_872aca56.jpg', 'images/bikes/ep-2-boost_4540d780.jpg', 'images/bikes/ep-2-boost_cf681e81.jpg', 'images/bikes/ep-2-boost_a50557f4.jpg', 'images/bikes/ep-2-boost_fc9db02e.jpg', 'images/bikes/ep-2-boost_43bc14f2.jpg', 'images/bikes/ep-2-boost_5fd9a48d.jpg', 'images/bikes/ep-2-boost_31ff291a.jpg', 'images/bikes/ep-2-boost_f1ef432e.jpg', 'images/bikes/ep-2-boost_f8db8cfc.jpg']","['https://engwe-bikes-eu.com/cdn/shop/files/EP-2_BOOST.jpg?v=1745033619&width=1214', 'https://engwe-bikes-eu.com/cdn/shop/files/EP-2BOOST_10.jpg?v=1745033619&width=1214', 'https://engwe-bikes-eu.com/cdn/shop/files/EP-2BOOST_11.jpg?v=1745033619&width=1214', 'https://engwe-bikes-eu.com/cdn/shop/files/EP-2BOOST_1.jpg?v=1745033619&width=1214', 'https://engwe-bikes-eu.com/cdn/shop/files/EP-2BOOST_5.jpg?v=1745033619&width=1214', 'https://engwe-bikes-eu.com/cdn/shop/files/EP-2BOOST_9.jpg?v=1745033618&width=1214', 'https://engwe-bikes-eu.com/cdn/shop/files/EP-2BOOST_12.jpg?v=1745033618&width=1214', 'https://engwe-bikes-eu.com/cdn/shop/files/EP-2BOOST_13.jpg?v=1745033618&width=1214', 'https://engwe-bikes-eu.com/cdn/shop/files/EP-2BOOST_14.jpg?v=1745033618&width=1214', 'https://engwe-bikes-eu.com/cdn/shop/files/EP-2BOOST_2.jpg?v=1745033618&width=1214', 'https://engwe-bikes-eu.com/cdn/shop/files/EP-2BOOST_4.jpg?v=1745033618&width=1214', 'https://engwe-bikes-eu.com/cdn/shop/files/EP-2BOOST_8.jpg?v=1745033618&width=1214', 'https://engwe-bikes-eu.com/cdn/shop/files/EP-2BOOST_3.jpg?v=1745033618&width=1214', 'https://engwe-bikes-eu.com/cdn/shop/files/EP-2BOOST_6.jpg?v=1745033618&width=1214', 'https://engwe-bikes-eu.com/cdn/shop/files/EP-2BOOST_7.jpg?v=1745033618&width=1214']",Engwe EU,ep-2-boost,en-GB,https://engwe-bikes-eu.com/products/ep-2-boost,2025-05-22T20:55:05.983500,120 km (PAS 1),150kg (330 lbs)
ENGWE P20,999.0,,36V 9.6Ah Lithium-ion*1,250W,25 km/h,18.5 kg (40.7 lbs),"['images/bikes/engwe-p20_8fb7f6a1.jpg', 'images/bikes/engwe-p20_3985ee1d.jpg', 'images/bikes/engwe-p20_112bca1c.jpg', 'images/bikes/engwe-p20_7a9957aa.jpg', 'images/bikes/engwe-p20_71e78983.jpg', 'images/bikes/engwe-p20_7bb4785f.jpg', 'images/bikes/engwe-p20_053f6933.jpg', 'images/bikes/engwe-p20_db438205.jpg', 'images/bikes/engwe-p20_a3ad5058.jpg', 'images/bikes/engwe-p20_b8f69d3e.jpg', 'images/bikes/engwe-p20_ea58fbfb.jpg', 'images/bikes/engwe-p20_491cb07c.jpg', 'images/bikes/engwe-p20_144166f1.jpg', 'images/bikes/engwe-p20_7aebe079.jpg', 'images/bikes/engwe-p20_42dba296.jpg', 'images/bikes/engwe-p20_acc764c7.jpg', 'images/bikes/engwe-p20_31afb5c8.jpg', 'images/bikes/engwe-p20_f3eb613f.jpg', 'images/bikes/engwe-p20_35326433.jpg', 'images/bikes/engwe-p20_ef0c0625.jpg', 'images/bikes/engwe-p20_f7b58c7e.jpg', 'images/bikes/engwe-p20_6ad231b7.jpg', 'images/bikes/engwe-p20_cb0a664e.jpg', 'images/bikes/engwe-p20_e84926ba.jpg', 'images/bikes/engwe-p20_22244e13.jpg', 'images/bikes/engwe-p20_84c2fae6.jpg', 'images/bikes/engwe-p20_25e18e6b.jpg']","['https://engwe-bikes-eu.com/cdn/shop/files/7_5d412a2b-a3e4-44f5-938f-fb8d079dd348.jpg?v=1719818214&width=1214', 'https://engwe-bikes-eu.com/cdn/shop/files/0_11d11b80-ade4-43eb-b8ae-1794a7da7495.jpg?v=1720763436&width=1214', 'https://engwe-bikes-eu.com/cdn/shop/files/1_c343b992-ae1b-4b8b-b78b-15872800c9b2.jpg?v=1720763436&width=1214', 'https://engwe-bikes-eu.com/cdn/shop/files/3_e8f448ab-6f8e-4b08-b49b-6970cdaa0dcd.jpg?v=1719804118&width=1214', 'https://engwe-bikes-eu.com/cdn/shop/files/11_e63cd503-9b57-437d-a3dc-316b681cd801.jpg?v=1719818214&width=1214', 'https://engwe-bikes-eu.com/cdn/shop/files/15_97a9222c-a345-454d-b924-ebd10b18a03b.jpg?v=1720763436&width=1214', 'https://engwe-bikes-eu.com/cdn/shop/files/a5cd03a9f0b99e4e4a91838e25a497ab.jpg?v=1720763436&width=1214', 'https://engwe-bikes-eu.com/cdn/shop/files/33ffae0206d3c7cd1aadac09875e5e96.jpg?v=1720763436&width=1214', 'https://engwe-bikes-eu.com/cdn/shop/files/4fe40f089696834c4906303a743d01c5.jpg?v=1720763436&width=1214', 'https://engwe-bikes-eu.com/cdn/shop/files/5_2fd83305-b1ad-4e3c-9b5b-75a284bcd2b7.jpg?v=1719804118&width=1214', 'https://engwe-bikes-eu.com/cdn/shop/files/2_c0feabd3-0ce9-4362-914b-a3c396dd85d8.jpg?v=1719818214&width=1214', 'https://engwe-bikes-eu.com/cdn/shop/files/0_d1d09dd4-59dc-4c2c-994c-7cd66c9681ab.jpg?v=1719818214&width=1214', 'https://engwe-bikes-eu.com/cdn/shop/files/8_00882070-5646-4131-b80f-62d7d6b62ea1.jpg?v=1719818214&width=1214', 'https://engwe-bikes-eu.com/cdn/shop/files/12_cbe26bcf-b834-4bef-9a36-2df38db80bab.jpg?v=1719818214&width=1214', 'https://engwe-bikes-eu.com/cdn/shop/files/10_0af14254-665f-4682-af74-c150613c190a.jpg?v=1719818214&width=1214', 'https://engwe-bikes-eu.com/cdn/shop/files/14_cffa0219-b184-4f1d-8d79-a616eb531a7e.jpg?v=1719818214&width=1214', 'https://engwe-bikes-eu.com/cdn/shop/files/2_3dd750a4-c161-4e78-9752-fa43d15af814.jpg?v=1719804118&width=1214', 'https://engwe-bikes-eu.com/cdn/shop/files/1_5bc88748-74ed-46e4-810b-cc3b15dbbe3c.jpg?v=1719804118&width=1214', 'https://engwe-bikes-eu.com/cdn/shop/files/9_67982c6c-285a-49d0-a526-9a8ca88a8f01.jpg?v=1719818214&width=1214', 'https://engwe-bikes-eu.com/cdn/shop/files/13_96ced620-f6b7-4cc3-b346-08100011de58.jpg?v=1719818214&width=1214', 'https://engwe-bikes-eu.com/cdn/shop/files/4_692fbb9d-23be-4f3a-b152-332d15093269.jpg?v=1720763428&width=1214', 'https://engwe-bikes-eu.com/cdn/shop/files/5_c13fa82d-f541-40a1-aef3-9f6620a857e3.jpg?v=1720763428&width=1214', 'https://engwe-bikes-eu.com/cdn/shop/files/17.jpg?v=1720763428&width=1214', 'https://engwe-bikes-eu.com/cdn/shop/files/6_6f4a6909-b8c3-4235-9b9c-4d2ca92e37d1.jpg?v=1720763428&width=1214', 'https://engwe-bikes-eu.com/cdn/shop/files/16.jpg?v=1720763428&width=1214', 'https://engwe-bikes-eu.com/cdn/shop/files/3_86a24a8a-b573-40f5-9137-ab55c2b56cf1.jpg?v=1720763428&width=1214', 'https://engwe-bikes-eu.com/cdn/shop/files/4_ecc527a4-bc03-40d2-ad34-7bf65fe88a4a.jpg?v=1719804118&width=1214']",Engwe EU,engwe-p20,en-GB,https://engwe-bikes-eu.com/products/engwe-p20,2025-05-22T20:55:19.297126,,
ENGWE P275 Pro,1499.0,,36V 19.2Ah SAMSUNG Lithium-ion*1,Bafang 250W Brushless Mid-drive Motor,25 km/h,25.3 kg (55.77 lbs),"['images/bikes/p275-pro_59b6f473.png', 'images/bikes/p275-pro_2816b660.jpg', 'images/bikes/p275-pro_fb53d530.jpg', 'images/bikes/p275-pro_c0393a4b.jpg', 'images/bikes/p275-pro_b7a9e838.jpg', 'images/bikes/p275-pro_4b1b55f7.jpg', 'images/bikes/p275-pro_aba86c2d.jpg', 'images/bikes/p275-pro_903d33da.jpg', 'images/bikes/p275-pro_a2f1a5d2.jpg', 'images/bikes/p275-pro_0d343526.jpg', 'images/bikes/p275-pro_41a45662.jpg', 'images/bikes/p275-pro_61ae2956.jpg', 'images/bikes/p275-pro_a2d9bb26.jpg']","['https://engwe-bikes-eu.com/cdn/shop/files/P275_Pro.png?v=1727087061&width=1214', 'https://engwe-bikes-eu.com/cdn/shop/files/lQDPJxyNdQINnifNCyXNCACw2NnVXa3rJJIFwxfOwYrEAQ_2048_2853.jpg?v=1708425663&width=1214', 'https://engwe-bikes-eu.com/cdn/shop/files/1_1008fd07-5c1f-48f3-9aa3-feefdeec39a6.jpg?v=1708425663&width=1214', 'https://engwe-bikes-eu.com/cdn/shop/files/2_e98a56a4-2c50-4550-a595-bc0777f36273.jpg?v=1708425663&width=1214', 'https://engwe-bikes-eu.com/cdn/shop/files/P275PRO.jpg?v=1708502957&width=1214', 'https://engwe-bikes-eu.com/cdn/shop/files/6_ba06337b-1b9d-49c1-a1f1-00cb26cab2e6.jpg?v=1708502957&width=1214', 'https://engwe-bikes-eu.com/cdn/shop/files/3_f146dec9-1bc6-4fab-a3c8-a095694c4fb7.jpg?v=1708502957&width=1214', 'https://engwe-bikes-eu.com/cdn/shop/files/5_e6762141-9782-4d59-872b-99c99cd4c444.jpg?v=1708502957&width=1214', 'https://engwe-bikes-eu.com/cdn/shop/files/7_5186a8a1-3866-489f-b951-34ad64192534.jpg?v=1708502957&width=1214', 'https://engwe-bikes-eu.com/cdn/shop/files/2_e10e58ce-b816-4ba3-834b-b0011f10d6ec.jpg?v=1708502957&width=1214', 'https://engwe-bikes-eu.com/cdn/shop/files/3_0c1f3808-d5f8-4c9e-898c-1e1d98e84afe.jpg?v=1708502957&width=1214', 'https://engwe-bikes-eu.com/cdn/shop/files/5_b43fd881-5b31-4555-aa45-c1369fd1d4e0.jpg?v=1708502957&width=1214', 'https://engwe-bikes-eu.com/cdn/shop/files/7_704c0024-36fd-4d3c-beac-6e636c35bdc4.jpg?v=1708502957&width=1214']",Engwe EU,p275-pro,en-GB,https://engwe-bikes-eu.com/products/p275-pro,2025-05-22T20:55:27.151987,,
Engine X,1199.0,,48V13Ah Removable Internal Lithium-ion *1,250W Brushless Motor,25 km/h (The actual speed will vary due to rider weight and road conditions),31.7 kg (69.8lbs),"['images/bikes/engine-x-250w-high-performance-electric-bike_a35026f3.jpg', 'images/bikes/engine-x-250w-high-performance-electric-bike_ff5ba03e.jpg', 'images/bikes/engine-x-250w-high-performance-electric-bike_f37e56bb.png', 'images/bikes/engine-x-250w-high-performance-electric-bike_2a660862.png', 'images/bikes/engine-x-250w-high-performance-electric-bike_410df283.jpg', 'images/bikes/engine-x-250w-high-performance-electric-bike_c9439528.jpg', 'images/bikes/engine-x-250w-high-performance-electric-bike_d0b881d2.jpg', 'images/bikes/engine-x-250w-high-performance-electric-bike_fb4e4cbb.jpg', 'images/bikes/engine-x-250w-high-performance-electric-bike_d3b79c66.jpg', 'images/bikes/engine-x-250w-high-performance-electric-bike_f516c2bb.jpg', 'images/bikes/engine-x-250w-high-performance-electric-bike_df045753.jpg', 'images/bikes/engine-x-250w-high-performance-electric-bike_c00fe5ec.jpg', 'images/bikes/engine-x-250w-high-performance-electric-bike_e73c3424.jpg', 'images/bikes/engine-x-250w-high-performance-electric-bike_e860710d.png', 'images/bikes/engine-x-250w-high-performance-electric-bike_382a504d.png', 'images/bikes/engine-x-250w-high-performance-electric-bike_2655dc3f.jpg', 'images/bikes/engine-x-250w-high-performance-electric-bike_2bce6fa6.png', 'images/bikes/engine-x-250w-high-performance-electric-bike_b06c89ab.png', 'images/bikes/engine-x-250w-high-performance-electric-bike_f1a0e9c3.jpg', 'images/bikes/engine-x-250w-high-performance-electric-bike_714ccbb1.jpg', 'images/bikes/engine-x-250w-high-performance-electric-bike_b6c2c13a.jpg', 'images/bikes/engine-x-250w-high-performance-electric-bike_06e40b20.jpg', 'images/bikes/engine-x-250w-high-performance-electric-bike_ea2ca931.jpg', 'images/bikes/engine-x-250w-high-performance-electric-bike_c71f76fc.jpg', 'images/bikes/engine-x-250w-high-performance-electric-bike_128f9e98.jpg', 'images/bikes/engine-x-250w-high-performance-electric-bike_42dd345a.jpg', 'images/bikes/engine-x-250w-high-performance-electric-bike_8a92bc25.jpg', 'images/bikes/engine-x-250w-high-performance-electric-bike_d8ac6b1d.jpg', 'images/bikes/engine-x-250w-high-performance-electric-bike_c1852f42.jpg', 'images/bikes/engine-x-250w-high-performance-electric-bike_1c1b3d6b.jpg', 'images/bikes/engine-x-250w-high-performance-electric-bike_9704e5a6.jpg']","['https://engwe-bikes-eu.com/cdn/shop/products/engineX_d56c6704-43c9-415d-9251-0906ededb41b.jpg?v=1709610076&width=1214', 'https://engwe-bikes-eu.com/cdn/shop/files/Engine-X_f440b2c6-9566-416b-a004-ffd2be01e587.jpg?v=1709610076&width=1214', 'https://engwe-bikes-eu.com/cdn/shop/products/1_f19ea794-d357-47a6-8c3a-80f21943c11b.png?v=1709610076&width=1214', 'https://engwe-bikes-eu.com/cdn/shop/products/4.png?v=1702018290&width=1214', 'https://engwe-bikes-eu.com/cdn/shop/products/3351679d453c9ee3971406f0ac6fb609.jpg?v=1702018290&width=1214', 'https://engwe-bikes-eu.com/cdn/shop/products/56257719782adfbe1ac9516acc237228.jpg?v=1702018290&width=1214', 'https://engwe-bikes-eu.com/cdn/shop/products/a3fa512a17b7e5d71d22f5aebf8c760b.jpg?v=1702018290&width=1214', 'https://engwe-bikes-eu.com/cdn/shop/products/276b44bdc0f2fe9ae5520cfc1a3c229d.jpg?v=1702018290&width=1214', 'https://engwe-bikes-eu.com/cdn/shop/products/d8f6901df6d12356fc7f32ce58522236.jpg?v=1702018290&width=1214', 'https://engwe-bikes-eu.com/cdn/shop/products/d8e5604fb0d58683b4b4cb81143e6694.jpg?v=1702018290&width=1214', 'https://engwe-bikes-eu.com/cdn/shop/products/2c2d6c2e50dbd37b1bc2c062f90da8fa.jpg?v=1702018290&width=1214', 'https://engwe-bikes-eu.com/cdn/shop/products/c5e6e045a773d406d2b3d47d7e2e0917.jpg?v=1702018290&width=1214', 'https://engwe-bikes-eu.com/cdn/shop/products/8d1e19f2fc15aa031e5c87c6e25735e7.jpg?v=1702018290&width=1214', 'https://engwe-bikes-eu.com/cdn/shop/products/2.png?v=1702018290&width=1214', 'https://engwe-bikes-eu.com/cdn/shop/products/3.png?v=1702018290&width=1214', 'https://engwe-bikes-eu.com/cdn/shop/products/4f4b9ce5c6ee74446c5eddad129db222.jpg?v=1702018290&width=1214', 'https://engwe-bikes-eu.com/cdn/shop/products/5.png?v=1702018290&width=1214', 'https://engwe-bikes-eu.com/cdn/shop/products/6.png?v=1702018290&width=1214', 'https://engwe-bikes-eu.com/cdn/shop/products/2_4e417b43-71a7-421a-ac4d-823293d70941.jpg?v=1702018290&width=1214', 'https://engwe-bikes-eu.com/cdn/shop/products/2_cf8fd2cd-2366-42d2-bcc4-abe861fa1f98.jpg?v=1702018290&width=1214', 'https://engwe-bikes-eu.com/cdn/shop/products/fbde9fc02f0a1a7e64640ea621b324eb.jpg?v=1702018290&width=1214', 'https://engwe-bikes-eu.com/cdn/shop/products/5_f8dc76f0-e303-4afc-bc61-3b59c254499d.jpg?v=1702018290&width=1214', 'https://engwe-bikes-eu.com/cdn/shop/products/1-007_64d4945d-3587-4dc6-972d-5fa563c09771.jpg?v=1702018290&width=1214', 'https://engwe-bikes-eu.com/cdn/shop/products/1-010.jpg?v=1702018290&width=1214', 'https://engwe-bikes-eu.com/cdn/shop/products/1-011.jpg?v=1702018290&width=1214', 'https://engwe-bikes-eu.com/cdn/shop/products/1-012.jpg?v=1702018290&width=1214', 'https://engwe-bikes-eu.com/cdn/shop/products/1-014.jpg?v=1702018290&width=1214', 'https://engwe-bikes-eu.com/cdn/shop/products/1-017.jpg?v=1702018290&width=1214', 'https://engwe-bikes-eu.com/cdn/shop/products/8d1e19f2fc15aa031e5c87c6e25735e7_a53ff130-8c96-4f3d-9e60-3f6dcba850e4.jpg?v=1702018290&width=1214', 'https://engwe-bikes-eu.com/cdn/shop/products/3351679d453c9ee3971406f0ac6fb609_e779955e-aaed-4299-8a7b-0e51e4de4dd4.jpg?v=1702018290&width=1214', 'https://engwe-bikes-eu.com/cdn/shop/products/4f4b9ce5c6ee74446c5eddad129db222_620ac59d-d517-4e0a-b8b7-b24f6966518e.jpg?v=1702018290&width=1214']",Engwe EU,engine-x-250w-high-performance-electric-bike,en-GB,https://engwe-bikes-eu.com/products/engine-x-250w-high-performance-electric-bike,2025-05-22T20:55:44.059398,,
