name,price,description,battery,images,original_images,website,product_id,language,url,crawl_date
XP4 750 Tempest Grey eBike,1299.0,,"An integrated & removable 48V, 17.5Ah lithium-ion battery certified to UL 2271 makes for a clean design while powering your ride for up to 85 miles on a single charge.** The XP4 is also certified to UL 2849.† Removing the battery from the frame is a breeze with the side-facing key port location.","['https://lectricebikes.com/cdn/shop/files/BXP-bundle_613f0e25-df9d-4420-b2ca-dfef0385839b.png?v=1746541409&width=1920', 'https://lectricebikes.com/cdn/shop/files/BXP-plain_9a05d19c-0b7e-4334-9899-a6fb338f8d7f.jpg?v=1746541409&width=1920', 'https://lectricebikes.com/cdn/shop/files/BXP-people_ef2fc644-3877-4a13-8b6b-6451c55af542.jpg?v=1746541409&width=1920', 'https://lectricebikes.com/cdn/shop/files/BXP-folded.jpg?v=1746541409&width=1920', 'https://lectricebikes.com/cdn/shop/files/BXP-man_1bfdb3b9-18a8-43b8-b307-78064270605a.jpg?v=1746541409&width=1920', 'https://lectricebikes.com/cdn/shop/files/BXP-throttle.jpg?v=1746541409&width=1920', 'https://lectricebikes.com/cdn/shop/files/BXP-msc.jpg?v=1746541409&width=1920', 'https://lectricebikes.com/cdn/shop/files/Shifter_261cc773-316b-4ec6-a816-4e7458698e06.jpg?v=1746541409&width=1920', 'https://lectricebikes.com/cdn/shop/files/602-brakes-1.jpg?v=1746541409&width=1920', 'https://lectricebikes.com/cdn/shop/files/BXP-folded.png?v=1746541409&width=1920', 'https://lectricebikes.com/cdn/shop/files/BXP-side_a67aa4b5-c45c-4b7b-a29a-a9aff3847b08.png?v=1746541409&width=1920', 'https://lectricebikes.com/cdn/shop/files/BXP-angle-45.png?v=1746541409&width=1920', 'https://lectricebikes.com/cdn/shop/files/BXP-side2.png?v=1746541409&width=1920', 'https://lectricebikes.com/cdn/shop/files/BXP-front.png?v=1746541409&width=1920', 'https://lectricebikes.com/cdn/shop/files/BXP-angle-90-1.png?v=1746541409&width=1920', 'https://lectricebikes.com/cdn/shop/files/BXP-rear.png?v=1746541409&width=1920', 'https://lectricebikes.com/cdn/shop/files/preview_images/hqdefault_49d258c4-997a-498a-b220-985835dcbd19.jpg?v=1746514823&width=1920', 'https://lectricebikes.com/cdn/shop/files/XP4_Black_High_360-01.webp?v=1746543266&width=600']","['https://lectricebikes.com/cdn/shop/files/BXP-bundle_613f0e25-df9d-4420-b2ca-dfef0385839b.png?v=1746541409&width=1920', 'https://lectricebikes.com/cdn/shop/files/BXP-plain_9a05d19c-0b7e-4334-9899-a6fb338f8d7f.jpg?v=1746541409&width=1920', 'https://lectricebikes.com/cdn/shop/files/BXP-people_ef2fc644-3877-4a13-8b6b-6451c55af542.jpg?v=1746541409&width=1920', 'https://lectricebikes.com/cdn/shop/files/BXP-folded.jpg?v=1746541409&width=1920', 'https://lectricebikes.com/cdn/shop/files/BXP-man_1bfdb3b9-18a8-43b8-b307-78064270605a.jpg?v=1746541409&width=1920', 'https://lectricebikes.com/cdn/shop/files/BXP-throttle.jpg?v=1746541409&width=1920', 'https://lectricebikes.com/cdn/shop/files/BXP-msc.jpg?v=1746541409&width=1920', 'https://lectricebikes.com/cdn/shop/files/Shifter_261cc773-316b-4ec6-a816-4e7458698e06.jpg?v=1746541409&width=1920', 'https://lectricebikes.com/cdn/shop/files/602-brakes-1.jpg?v=1746541409&width=1920', 'https://lectricebikes.com/cdn/shop/files/BXP-folded.png?v=1746541409&width=1920', 'https://lectricebikes.com/cdn/shop/files/BXP-side_a67aa4b5-c45c-4b7b-a29a-a9aff3847b08.png?v=1746541409&width=1920', 'https://lectricebikes.com/cdn/shop/files/BXP-angle-45.png?v=1746541409&width=1920', 'https://lectricebikes.com/cdn/shop/files/BXP-side2.png?v=1746541409&width=1920', 'https://lectricebikes.com/cdn/shop/files/BXP-front.png?v=1746541409&width=1920', 'https://lectricebikes.com/cdn/shop/files/BXP-angle-90-1.png?v=1746541409&width=1920', 'https://lectricebikes.com/cdn/shop/files/BXP-rear.png?v=1746541409&width=1920', 'https://lectricebikes.com/cdn/shop/files/preview_images/hqdefault_49d258c4-997a-498a-b220-985835dcbd19.jpg?v=1746514823&width=1920', 'https://lectricebikes.com/cdn/shop/files/XP4_Black_High_360-01.webp?v=1746543266&width=600']",Lectric eBikes,xp-black-long-range,en-US,https://lectricebikes.com/products/xp-black-long-range,2025-05-23T02:20:55.905675
Lectric ONE Long-Range eBike,2399.0,,"Available with a Long-Range 48V 14ah lithium-ion battery certified to UL 2271 to power your ride for up to 60 miles, respectively.†‡ The Lectric ONE is also certified to UL 2849.","['https://lectricebikes.com/cdn/shop/files/LectricONE-01_9905ebd6-665c-4891-9e43-70438a590d23.webp?v=1736236354&width=1920', 'https://lectricebikes.com/cdn/shop/files/ONE-commute_96f7a202-bbc2-45ff-a220-65dc42fb86b3.jpg?v=1746740069&width=1920', 'https://lectricebikes.com/cdn/shop/files/ONE-2_a4db890c-77fa-4cdc-bc3e-bb3bde458368.jpg?v=1746740069&width=1920', 'https://lectricebikes.com/cdn/shop/files/ONE-1_90f76ec8-428c-4c88-90cb-a2aa86dd5802.jpg?v=1746740069&width=1920', 'https://lectricebikes.com/cdn/shop/files/ONE-6_97bc2dab-4682-4ee8-b7f1-f0964182ae13.jpg?v=1746740069&width=1920', 'https://lectricebikes.com/cdn/shop/files/ONE-4_e8d650a5-6f0c-4994-bb46-541d021386f6.jpg?v=1746740069&width=1920', 'https://lectricebikes.com/cdn/shop/files/ONE-3_71897845-9765-4f06-8259-b294956d4afd.jpg?v=1746740069&width=1920', 'https://lectricebikes.com/cdn/shop/files/ONE_e2b7576d-7c9e-42ba-a61f-f5bcbb4060b4.jpg?v=1746740069&width=1920', 'https://lectricebikes.com/cdn/shop/files/ONE-throttle_fa8c911f-7671-47cb-8f5e-61833f277127.jpg?v=1746740069&width=1920', 'https://lectricebikes.com/cdn/shop/files/ONE-5_83798f4f-3ce9-43c6-83ac-31c3c2d95470.jpg?v=1746740069&width=1920', 'https://lectricebikes.com/cdn/shop/files/ONE-shift_337478f6-a40c-4b72-baf8-fbe9f4de5d46.jpg?v=1746740069&width=1920', 'https://lectricebikes.com/cdn/shop/files/preview_images/hqdefault_54d37040-1581-4f0b-8d9e-182866812474.jpg?v=1711126692&width=1920', 'https://lectricebikes.com/cdn/shop/files/ONE_NDS_90_d41b4cd6-7995-41e6-b4d6-aa87f939b5af.webp?v=1746740069&width=1920', 'https://lectricebikes.com/cdn/shop/files/ONE_Straight_78e507f2-36d3-43a3-8097-9af5476d1c23.webp?v=1746740069&width=1920', 'https://lectricebikes.com/cdn/shop/files/one-main.png?v=1746740069&width=1920', 'https://lectricebikes.com/cdn/shop/files/ONE_Angle_84ae039d-3ac4-4b3e-aac5-38e3584f79c3.webp?v=1746740069&width=600']","['https://lectricebikes.com/cdn/shop/files/LectricONE-01_9905ebd6-665c-4891-9e43-70438a590d23.webp?v=1736236354&width=1920', 'https://lectricebikes.com/cdn/shop/files/ONE-commute_96f7a202-bbc2-45ff-a220-65dc42fb86b3.jpg?v=1746740069&width=1920', 'https://lectricebikes.com/cdn/shop/files/ONE-2_a4db890c-77fa-4cdc-bc3e-bb3bde458368.jpg?v=1746740069&width=1920', 'https://lectricebikes.com/cdn/shop/files/ONE-1_90f76ec8-428c-4c88-90cb-a2aa86dd5802.jpg?v=1746740069&width=1920', 'https://lectricebikes.com/cdn/shop/files/ONE-6_97bc2dab-4682-4ee8-b7f1-f0964182ae13.jpg?v=1746740069&width=1920', 'https://lectricebikes.com/cdn/shop/files/ONE-4_e8d650a5-6f0c-4994-bb46-541d021386f6.jpg?v=1746740069&width=1920', 'https://lectricebikes.com/cdn/shop/files/ONE-3_71897845-9765-4f06-8259-b294956d4afd.jpg?v=1746740069&width=1920', 'https://lectricebikes.com/cdn/shop/files/ONE_e2b7576d-7c9e-42ba-a61f-f5bcbb4060b4.jpg?v=1746740069&width=1920', 'https://lectricebikes.com/cdn/shop/files/ONE-throttle_fa8c911f-7671-47cb-8f5e-61833f277127.jpg?v=1746740069&width=1920', 'https://lectricebikes.com/cdn/shop/files/ONE-5_83798f4f-3ce9-43c6-83ac-31c3c2d95470.jpg?v=1746740069&width=1920', 'https://lectricebikes.com/cdn/shop/files/ONE-shift_337478f6-a40c-4b72-baf8-fbe9f4de5d46.jpg?v=1746740069&width=1920', 'https://lectricebikes.com/cdn/shop/files/preview_images/hqdefault_54d37040-1581-4f0b-8d9e-182866812474.jpg?v=1711126692&width=1920', 'https://lectricebikes.com/cdn/shop/files/ONE_NDS_90_d41b4cd6-7995-41e6-b4d6-aa87f939b5af.webp?v=1746740069&width=1920', 'https://lectricebikes.com/cdn/shop/files/ONE_Straight_78e507f2-36d3-43a3-8097-9af5476d1c23.webp?v=1746740069&width=1920', 'https://lectricebikes.com/cdn/shop/files/one-main.png?v=1746740069&width=1920', 'https://lectricebikes.com/cdn/shop/files/ONE_Angle_84ae039d-3ac4-4b3e-aac5-38e3584f79c3.webp?v=1746740069&width=600']",Lectric eBikes,lectric-one-long-range-ebike,en-US,https://lectricebikes.com/products/lectric-one-long-range-ebike,2025-05-23T02:20:57.415287
XPeak Step-Thru 2.0 eBike,1499.0,,"A removable 48V 15Ah lithium-ion battery certified to UL 2271, integrated on the down tube of the frame with a color-matched plate, makes for a clean and easily-accessible design.† The XPeak is also certified to UL 2849.","['https://lectricebikes.com/cdn/shop/files/w-xpeak-side_fenders-rack_5a45c5cf-c043-449e-a930-80666bc52f62.webp?v=1736238271&width=1920', 'https://lectricebikes.com/cdn/shop/files/XPeak-White_6b369eee-7946-4eb8-a973-d011dd9b72d2.jpg?v=1746735860&width=1920', 'https://lectricebikes.com/cdn/shop/files/XPeak-brakes_c8e5b016-ea99-4840-bd84-d1816725b6d6.jpg?v=1746735878&width=1920', 'https://lectricebikes.com/cdn/shop/files/XPeak-White-2.jpg?v=1746735878&width=1920', 'https://lectricebikes.com/cdn/shop/files/XPeakST-people_d0a326c0-0a73-46b3-bd88-cf57b928caf0.jpg?v=1746735878&width=1920', 'https://lectricebikes.com/cdn/shop/files/XPeak-display_24285699-91ac-45e8-a072-a4dfddf9b12d.jpg?v=1746735878&width=1920', 'https://lectricebikes.com/cdn/shop/files/XPeak-White-1.jpg?v=1746735978&width=1920', 'https://lectricebikes.com/cdn/shop/files/XPeak-tires_c7ae08cc-7c12-472f-8bdf-e4a2fd9dda35.jpg?v=1746735978&width=1920', 'https://lectricebikes.com/cdn/shop/files/XPeak-STw-review.jpg?v=1746735978&width=1920', 'https://lectricebikes.com/cdn/shop/files/w-xpeak-angle_fenders-rack_f31fec7d-a5f7-4aa1-905a-d29407303ddf.webp?v=1746735978&width=1920', 'https://lectricebikes.com/cdn/shop/files/w-xpeak-side.webp?v=1746736133&width=1920', 'https://lectricebikes.com/cdn/shop/files/w-xpeak-angle.webp?v=1746736133&width=1920', 'https://lectricebikes.com/cdn/shop/files/w-xpeak-side-BFB.webp?v=1746735978&width=1920', 'https://lectricebikes.com/cdn/shop/files/w-xpeak-angle-BFB.webp?v=1746736133&width=1920', 'https://lectricebikes.com/cdn/shop/files/w-xpeak-back.webp?v=1746736133&width=1920', 'https://lectricebikes.com/cdn/shop/files/w-xpeak-front.webp?v=1746736133&width=1920', 'https://lectricebikes.com/cdn/shop/files/w-xpeak-side_fenders-rack.webp?v=1746736133&width=1920', 'https://lectricebikes.com/cdn/shop/files/LectricXPeak2.0_LS_360-01.webp?v=1746736133&width=600']","['https://lectricebikes.com/cdn/shop/files/w-xpeak-side_fenders-rack_5a45c5cf-c043-449e-a930-80666bc52f62.webp?v=1736238271&width=1920', 'https://lectricebikes.com/cdn/shop/files/XPeak-White_6b369eee-7946-4eb8-a973-d011dd9b72d2.jpg?v=1746735860&width=1920', 'https://lectricebikes.com/cdn/shop/files/XPeak-brakes_c8e5b016-ea99-4840-bd84-d1816725b6d6.jpg?v=1746735878&width=1920', 'https://lectricebikes.com/cdn/shop/files/XPeak-White-2.jpg?v=1746735878&width=1920', 'https://lectricebikes.com/cdn/shop/files/XPeakST-people_d0a326c0-0a73-46b3-bd88-cf57b928caf0.jpg?v=1746735878&width=1920', 'https://lectricebikes.com/cdn/shop/files/XPeak-display_24285699-91ac-45e8-a072-a4dfddf9b12d.jpg?v=1746735878&width=1920', 'https://lectricebikes.com/cdn/shop/files/XPeak-White-1.jpg?v=1746735978&width=1920', 'https://lectricebikes.com/cdn/shop/files/XPeak-tires_c7ae08cc-7c12-472f-8bdf-e4a2fd9dda35.jpg?v=1746735978&width=1920', 'https://lectricebikes.com/cdn/shop/files/XPeak-STw-review.jpg?v=1746735978&width=1920', 'https://lectricebikes.com/cdn/shop/files/w-xpeak-angle_fenders-rack_f31fec7d-a5f7-4aa1-905a-d29407303ddf.webp?v=1746735978&width=1920', 'https://lectricebikes.com/cdn/shop/files/w-xpeak-side.webp?v=1746736133&width=1920', 'https://lectricebikes.com/cdn/shop/files/w-xpeak-angle.webp?v=1746736133&width=1920', 'https://lectricebikes.com/cdn/shop/files/w-xpeak-side-BFB.webp?v=1746735978&width=1920', 'https://lectricebikes.com/cdn/shop/files/w-xpeak-angle-BFB.webp?v=1746736133&width=1920', 'https://lectricebikes.com/cdn/shop/files/w-xpeak-back.webp?v=1746736133&width=1920', 'https://lectricebikes.com/cdn/shop/files/w-xpeak-front.webp?v=1746736133&width=1920', 'https://lectricebikes.com/cdn/shop/files/w-xpeak-side_fenders-rack.webp?v=1746736133&width=1920', 'https://lectricebikes.com/cdn/shop/files/LectricXPeak2.0_LS_360-01.webp?v=1746736133&width=600']",Lectric eBikes,xpeak-step-thru-ebike,en-US,https://lectricebikes.com/products/xpeak-step-thru-ebike,2025-05-23T02:20:59.379206
XP 3.0 Black Long-Range eBike,999.0,,48V Lithium-Ion battery certified to UL 2271 with Standard or Long-Range options to power your ride for up to 45 or 65 miles respectively. The Lectric XP 3.0 is also certified to UL 2849.,"['https://lectricebikes.com/cdn/shop/files/BXP-side_944a0a7c-b349-4a06-b12b-182b8d03040f.webp?v=1743491130&width=1920', 'https://lectricebikes.com/cdn/shop/files/3-BXP--4_fd8d9358-1fce-430a-ba16-720b47663223.jpg?v=1746111119&width=1920', 'https://lectricebikes.com/cdn/shop/files/3-BXP--2_4266f2b8-9276-462b-8b27-018f8cc61606.jpg?v=1746111119&width=1920', 'https://lectricebikes.com/cdn/shop/files/3-BXP--3_6549f6ba-a2e5-441a-99a5-0aef30992ab4.jpg?v=1746111119&width=1920', 'https://lectricebikes.com/cdn/shop/files/3-BXP_5caf3ae8-040f-4595-8735-d39b5bc9f4bb.jpg?v=1746111119&width=1920', 'https://lectricebikes.com/cdn/shop/files/3-BXP--1_519d5c14-d366-4e4b-b81b-307996d30eea.jpg?v=1746111119&width=1920', 'https://lectricebikes.com/cdn/shop/files/BXP-folded_05e580f2-6b23-480b-aa92-876c20d5f068.webp?v=1746111119&width=1920', 'https://lectricebikes.com/cdn/shop/files/BXP_Angle_01a9963b-f9b2-4b5e-a5c0-77066f459d1c.webp?v=1746111119&width=1920', 'https://lectricebikes.com/cdn/shop/files/BXP-straight_76549363-19c5-4493-b12a-94b4e76f935c.webp?v=1746111119&width=1920', 'https://lectricebikes.com/cdn/shop/products/hqdefault_2cc6df15-e6c2-44dc-af4e-e2a1e44babf5.jpg?v=1667330432&width=1920', 'https://lectricebikes.com/cdn/shop/files/3-BXP-side_c844e992-faa1-4413-a931-fa744e53298d.webp?v=1746111119&width=1920', 'https://lectricebikes.com/cdn/shop/files/Lectric_XP3.0_BXP_360-01_e61fb14c-35a3-4b5b-bb4a-de32eda56e6b.webp?v=1746111119&width=600']","['https://lectricebikes.com/cdn/shop/files/BXP-side_944a0a7c-b349-4a06-b12b-182b8d03040f.webp?v=1743491130&width=1920', 'https://lectricebikes.com/cdn/shop/files/3-BXP--4_fd8d9358-1fce-430a-ba16-720b47663223.jpg?v=1746111119&width=1920', 'https://lectricebikes.com/cdn/shop/files/3-BXP--2_4266f2b8-9276-462b-8b27-018f8cc61606.jpg?v=1746111119&width=1920', 'https://lectricebikes.com/cdn/shop/files/3-BXP--3_6549f6ba-a2e5-441a-99a5-0aef30992ab4.jpg?v=1746111119&width=1920', 'https://lectricebikes.com/cdn/shop/files/3-BXP_5caf3ae8-040f-4595-8735-d39b5bc9f4bb.jpg?v=1746111119&width=1920', 'https://lectricebikes.com/cdn/shop/files/3-BXP--1_519d5c14-d366-4e4b-b81b-307996d30eea.jpg?v=1746111119&width=1920', 'https://lectricebikes.com/cdn/shop/files/BXP-folded_05e580f2-6b23-480b-aa92-876c20d5f068.webp?v=1746111119&width=1920', 'https://lectricebikes.com/cdn/shop/files/BXP_Angle_01a9963b-f9b2-4b5e-a5c0-77066f459d1c.webp?v=1746111119&width=1920', 'https://lectricebikes.com/cdn/shop/files/BXP-straight_76549363-19c5-4493-b12a-94b4e76f935c.webp?v=1746111119&width=1920', 'https://lectricebikes.com/cdn/shop/products/hqdefault_2cc6df15-e6c2-44dc-af4e-e2a1e44babf5.jpg?v=1667330432&width=1920', 'https://lectricebikes.com/cdn/shop/files/3-BXP-side_c844e992-faa1-4413-a931-fa744e53298d.webp?v=1746111119&width=1920', 'https://lectricebikes.com/cdn/shop/files/Lectric_XP3.0_BXP_360-01_e61fb14c-35a3-4b5b-bb4a-de32eda56e6b.webp?v=1746111119&width=600']",Lectric eBikes,xp-3-0-black-long-range,en-US,https://lectricebikes.com/products/xp-3-0-black-long-range,2025-05-23T02:21:00.971552
XP4 Tempest Grey eBike,999.0,,"An integrated & removable 48V, 10.4Ah lithium-ion battery certified to UL 2271 makes for a clean design while powering your ride for up to 50 miles on a single charge.** The XP4 is also certified to UL 2849.† Removing the battery from the frame is a breeze with the side-facing key port location.","['https://lectricebikes.com/cdn/shop/files/BXP-side_a67aa4b5-c45c-4b7b-a29a-a9aff3847b08.png?v=1746541409&width=1920', 'https://lectricebikes.com/cdn/shop/files/BXP-plain_9a05d19c-0b7e-4334-9899-a6fb338f8d7f.jpg?v=1746541409&width=1920', 'https://lectricebikes.com/cdn/shop/files/BXP-people_ef2fc644-3877-4a13-8b6b-6451c55af542.jpg?v=1746541409&width=1920', 'https://lectricebikes.com/cdn/shop/files/BXP-folded.jpg?v=1746541409&width=1920', 'https://lectricebikes.com/cdn/shop/files/BXP-man_f23640bf-24db-4bc6-bcd8-4d769e13f2d6.jpg?v=1746200959&width=1920', 'https://lectricebikes.com/cdn/shop/files/BXP-throttle.jpg?v=1746541409&width=1920', 'https://lectricebikes.com/cdn/shop/files/BXP-msc.jpg?v=1746541409&width=1920', 'https://lectricebikes.com/cdn/shop/files/BXP-folded.png?v=1746541409&width=1920', 'https://lectricebikes.com/cdn/shop/files/BXP-angle-45.png?v=1746541409&width=1920', 'https://lectricebikes.com/cdn/shop/files/BXP-side2.png?v=1746541409&width=1920', 'https://lectricebikes.com/cdn/shop/files/BXP-front.png?v=1746541409&width=1920', 'https://lectricebikes.com/cdn/shop/files/BXP-angle-90-1.png?v=1746541409&width=1920', 'https://lectricebikes.com/cdn/shop/files/BXP-rear.png?v=1746541409&width=1920', 'https://lectricebikes.com/cdn/shop/files/preview_images/hqdefault_49d258c4-997a-498a-b220-985835dcbd19.jpg?v=1746514823&width=1920', 'https://lectricebikes.com/cdn/shop/files/XP4_Black_High_360-01.webp?v=1746543266&width=600']","['https://lectricebikes.com/cdn/shop/files/BXP-side_a67aa4b5-c45c-4b7b-a29a-a9aff3847b08.png?v=1746541409&width=1920', 'https://lectricebikes.com/cdn/shop/files/BXP-plain_9a05d19c-0b7e-4334-9899-a6fb338f8d7f.jpg?v=1746541409&width=1920', 'https://lectricebikes.com/cdn/shop/files/BXP-people_ef2fc644-3877-4a13-8b6b-6451c55af542.jpg?v=1746541409&width=1920', 'https://lectricebikes.com/cdn/shop/files/BXP-folded.jpg?v=1746541409&width=1920', 'https://lectricebikes.com/cdn/shop/files/BXP-man_f23640bf-24db-4bc6-bcd8-4d769e13f2d6.jpg?v=1746200959&width=1920', 'https://lectricebikes.com/cdn/shop/files/BXP-throttle.jpg?v=1746541409&width=1920', 'https://lectricebikes.com/cdn/shop/files/BXP-msc.jpg?v=1746541409&width=1920', 'https://lectricebikes.com/cdn/shop/files/BXP-folded.png?v=1746541409&width=1920', 'https://lectricebikes.com/cdn/shop/files/BXP-angle-45.png?v=1746541409&width=1920', 'https://lectricebikes.com/cdn/shop/files/BXP-side2.png?v=1746541409&width=1920', 'https://lectricebikes.com/cdn/shop/files/BXP-front.png?v=1746541409&width=1920', 'https://lectricebikes.com/cdn/shop/files/BXP-angle-90-1.png?v=1746541409&width=1920', 'https://lectricebikes.com/cdn/shop/files/BXP-rear.png?v=1746541409&width=1920', 'https://lectricebikes.com/cdn/shop/files/preview_images/hqdefault_49d258c4-997a-498a-b220-985835dcbd19.jpg?v=1746514823&width=1920', 'https://lectricebikes.com/cdn/shop/files/XP4_Black_High_360-01.webp?v=1746543266&width=600']",Lectric eBikes,xp-black,en-US,https://lectricebikes.com/products/xp-black,2025-05-23T02:21:02.924350
XP4 750 Step-Thru Stratus White eBike,1299.0,,"An integrated & removable 48V, 17.5Ah lithium-ion battery certified to UL 2271 makes for a clean design while powering your ride for up to 85 miles on a single charge.** The XP4 is also certified to UL 2849.† Removing the battery from the frame is a breeze with the side-facing key port location.","['https://lectricebikes.com/cdn/shop/files/wst_bundle_1x_2c0d22c4-41d1-4a0b-b238-fc84c600bb9d.webp?v=1746541436&width=1920', 'https://lectricebikes.com/cdn/shop/files/WST-plain_06c750d6-5f68-4c9b-9e17-72a827077a93.jpg?v=1746541436&width=1920', 'https://lectricebikes.com/cdn/shop/files/WST-msc-1_54679930-24cf-4c89-bb27-d37c99efb08d.jpg?v=1746541436&width=1920', 'https://lectricebikes.com/cdn/shop/files/WST-people_134677e3-7e97-455e-8ae9-8c3476b3dbe6.jpg?v=1746541436&width=1920', 'https://lectricebikes.com/cdn/shop/files/WST-msc_68a55826-cecf-4254-8c75-52eb6f3e0bc7.jpg?v=1746541436&width=1920', 'https://lectricebikes.com/cdn/shop/files/WST-suspension_f86b6809-cd7f-4522-8e75-dc5f0b5d287e.jpg?v=1746541436&width=1920', 'https://lectricebikes.com/cdn/shop/files/WST-woman_8014329b-c118-4080-b1d3-7cf269195bc7.jpg?v=1746541436&width=1920', 'https://lectricebikes.com/cdn/shop/files/Shifter_41e064e3-6ec0-4620-9be9-766e6ff9af8d.jpg?v=1746541436&width=1920', 'https://lectricebikes.com/cdn/shop/files/Display-settings_c8414e6d-6693-4e49-9353-e90e04402207.jpg?v=1746541436&width=1920', 'https://lectricebikes.com/cdn/shop/files/602-brakes_2580d896-bc9a-457e-923b-8869ae1bfbd7.jpg?v=1746541436&width=1920', 'https://lectricebikes.com/cdn/shop/files/wst_angle_90_1_1x_d851d6a7-e483-40b2-9304-12cc50d604e6.webp?v=1746541436&width=1920', 'https://lectricebikes.com/cdn/shop/files/wst_angle_90_1x_e210323f-b667-4973-952d-95c06ed73e4a.webp?v=1746541436&width=1920', 'https://lectricebikes.com/cdn/shop/files/wst_folded_1x_f7eb0b8b-e120-400d-98f0-9b02b935f659.webp?v=1746541436&width=1920', 'https://lectricebikes.com/cdn/shop/files/wst_front_1x_a480000c-9137-4cd3-960b-a8ff92e09181.webp?v=1746541436&width=1920', 'https://lectricebikes.com/cdn/shop/files/wst_rear_1x_89607329-35b6-4aad-bf5c-58a75321f734.webp?v=1746541436&width=1920', 'https://lectricebikes.com/cdn/shop/files/wst_side_1x_33b34068-712d-493f-b659-a19460d12a49.webp?v=1746543159&width=1920', 'https://lectricebikes.com/cdn/shop/files/preview_images/hqdefault_49d258c4-997a-498a-b220-985835dcbd19.jpg?v=1746514823&width=1920', 'https://lectricebikes.com/cdn/shop/files/wst_side2_1x_6973c3c3-5441-4ff5-82ff-60261598b768.webp?v=1746543154&width=1920', 'https://lectricebikes.com/cdn/shop/files/XP4_White_360-01.webp?v=1746543154&width=600']","['https://lectricebikes.com/cdn/shop/files/wst_bundle_1x_2c0d22c4-41d1-4a0b-b238-fc84c600bb9d.webp?v=1746541436&width=1920', 'https://lectricebikes.com/cdn/shop/files/WST-plain_06c750d6-5f68-4c9b-9e17-72a827077a93.jpg?v=1746541436&width=1920', 'https://lectricebikes.com/cdn/shop/files/WST-msc-1_54679930-24cf-4c89-bb27-d37c99efb08d.jpg?v=1746541436&width=1920', 'https://lectricebikes.com/cdn/shop/files/WST-people_134677e3-7e97-455e-8ae9-8c3476b3dbe6.jpg?v=1746541436&width=1920', 'https://lectricebikes.com/cdn/shop/files/WST-msc_68a55826-cecf-4254-8c75-52eb6f3e0bc7.jpg?v=1746541436&width=1920', 'https://lectricebikes.com/cdn/shop/files/WST-suspension_f86b6809-cd7f-4522-8e75-dc5f0b5d287e.jpg?v=1746541436&width=1920', 'https://lectricebikes.com/cdn/shop/files/WST-woman_8014329b-c118-4080-b1d3-7cf269195bc7.jpg?v=1746541436&width=1920', 'https://lectricebikes.com/cdn/shop/files/Shifter_41e064e3-6ec0-4620-9be9-766e6ff9af8d.jpg?v=1746541436&width=1920', 'https://lectricebikes.com/cdn/shop/files/Display-settings_c8414e6d-6693-4e49-9353-e90e04402207.jpg?v=1746541436&width=1920', 'https://lectricebikes.com/cdn/shop/files/602-brakes_2580d896-bc9a-457e-923b-8869ae1bfbd7.jpg?v=1746541436&width=1920', 'https://lectricebikes.com/cdn/shop/files/wst_angle_90_1_1x_d851d6a7-e483-40b2-9304-12cc50d604e6.webp?v=1746541436&width=1920', 'https://lectricebikes.com/cdn/shop/files/wst_angle_90_1x_e210323f-b667-4973-952d-95c06ed73e4a.webp?v=1746541436&width=1920', 'https://lectricebikes.com/cdn/shop/files/wst_folded_1x_f7eb0b8b-e120-400d-98f0-9b02b935f659.webp?v=1746541436&width=1920', 'https://lectricebikes.com/cdn/shop/files/wst_front_1x_a480000c-9137-4cd3-960b-a8ff92e09181.webp?v=1746541436&width=1920', 'https://lectricebikes.com/cdn/shop/files/wst_rear_1x_89607329-35b6-4aad-bf5c-58a75321f734.webp?v=1746541436&width=1920', 'https://lectricebikes.com/cdn/shop/files/wst_side_1x_33b34068-712d-493f-b659-a19460d12a49.webp?v=1746543159&width=1920', 'https://lectricebikes.com/cdn/shop/files/preview_images/hqdefault_49d258c4-997a-498a-b220-985835dcbd19.jpg?v=1746514823&width=1920', 'https://lectricebikes.com/cdn/shop/files/wst_side2_1x_6973c3c3-5441-4ff5-82ff-60261598b768.webp?v=1746543154&width=1920', 'https://lectricebikes.com/cdn/shop/files/XP4_White_360-01.webp?v=1746543154&width=600']",Lectric eBikes,xp-step-thru-white-long-range,en-US,https://lectricebikes.com/products/xp-step-thru-white-long-range,2025-05-23T02:21:04.635895
XP Lite 2.0 Arctic White eBike,799.0,,48V Lithium-Ion battery certified to UL 2271 with Standard or Long-Range options to power your ride for up to 45 or 80 miles respectively*. The Lectric XP Lite is also certified to UL 2849.,"['https://lectricebikes.com/cdn/shop/files/xpl-white-1.webp?v=1747371694&width=1920', 'https://lectricebikes.com/cdn/shop/files/XPL-White-1.jpg?v=1746112175&width=1920', 'https://lectricebikes.com/cdn/shop/files/XPL-White-2_1d1ebba3-dbd0-40a5-9fb2-fec42d1b9cd8.jpg?v=1746112175&width=1920', 'https://lectricebikes.com/cdn/shop/files/XPL-White_f9e208a7-9b91-4c18-941b-d377f251cb05.jpg?v=1746112175&width=1920', 'https://lectricebikes.com/cdn/shop/files/XPL-White-3.jpg?v=1746112175&width=1920', 'https://lectricebikes.com/cdn/shop/files/XPL-White-4.jpg?v=1746112175&width=1920', 'https://lectricebikes.com/cdn/shop/files/XPL-White-5.jpg?v=1746112175&width=1920', 'https://lectricebikes.com/cdn/shop/files/XPL-white-review-1.jpg?v=1746112175&width=1920', 'https://lectricebikes.com/cdn/shop/files/white-side_2e68dfc9-b660-4559-9a17-133fb42e0792.webp?v=1747371233&width=1920', 'https://lectricebikes.com/cdn/shop/files/white-folded.webp?v=1747371694&width=1920', 'https://lectricebikes.com/cdn/shop/files/white-front.webp?v=1747371233&width=1920', 'https://lectricebikes.com/cdn/shop/files/white-side2.webp?v=1747371694&width=1920', 'https://lectricebikes.com/cdn/shop/files/xpl-white-2_4c21be96-3e66-4e71-bbd3-763808b8c601.webp?v=1747371694&width=1920', 'https://lectricebikes.com/cdn/shop/files/preview_images/hqdefault_0ef85e20-1712-44f9-8f84-6e8c0cb26c23.jpg?v=1722638444&width=1920', 'https://lectricebikes.com/cdn/shop/files/Lectric_XPLite2.0_white_360-01.webp?v=1746112315&width=600']","['https://lectricebikes.com/cdn/shop/files/xpl-white-1.webp?v=1747371694&width=1920', 'https://lectricebikes.com/cdn/shop/files/XPL-White-1.jpg?v=1746112175&width=1920', 'https://lectricebikes.com/cdn/shop/files/XPL-White-2_1d1ebba3-dbd0-40a5-9fb2-fec42d1b9cd8.jpg?v=1746112175&width=1920', 'https://lectricebikes.com/cdn/shop/files/XPL-White_f9e208a7-9b91-4c18-941b-d377f251cb05.jpg?v=1746112175&width=1920', 'https://lectricebikes.com/cdn/shop/files/XPL-White-3.jpg?v=1746112175&width=1920', 'https://lectricebikes.com/cdn/shop/files/XPL-White-4.jpg?v=1746112175&width=1920', 'https://lectricebikes.com/cdn/shop/files/XPL-White-5.jpg?v=1746112175&width=1920', 'https://lectricebikes.com/cdn/shop/files/XPL-white-review-1.jpg?v=1746112175&width=1920', 'https://lectricebikes.com/cdn/shop/files/white-side_2e68dfc9-b660-4559-9a17-133fb42e0792.webp?v=1747371233&width=1920', 'https://lectricebikes.com/cdn/shop/files/white-folded.webp?v=1747371694&width=1920', 'https://lectricebikes.com/cdn/shop/files/white-front.webp?v=1747371233&width=1920', 'https://lectricebikes.com/cdn/shop/files/white-side2.webp?v=1747371694&width=1920', 'https://lectricebikes.com/cdn/shop/files/xpl-white-2_4c21be96-3e66-4e71-bbd3-763808b8c601.webp?v=1747371694&width=1920', 'https://lectricebikes.com/cdn/shop/files/preview_images/hqdefault_0ef85e20-1712-44f9-8f84-6e8c0cb26c23.jpg?v=1722638444&width=1920', 'https://lectricebikes.com/cdn/shop/files/Lectric_XPLite2.0_white_360-01.webp?v=1746112315&width=600']",Lectric eBikes,xp-lite-arctic-white,en-US,https://lectricebikes.com/products/xp-lite-arctic-white,2025-05-23T02:21:06.740224
XP4 Step-Thru Stratus White eBike,999.0,,"An integrated & removable 48V, 10.4Ah lithium-ion battery certified to UL 2271 makes for a clean design while powering your ride for up to 50 miles on a single charge.** The XP4 is also certified to UL 2849.† Removing the battery from the frame is a breeze with the side-facing key port location.","['https://lectricebikes.com/cdn/shop/files/wst_side_1x_67e9c1f8-f9db-4c83-857e-697fc6f1bf68.webp?v=1746156672&width=1920', 'https://lectricebikes.com/cdn/shop/files/WST-plain_51dee4da-9030-49a1-a8e0-a2e70c2b8a0d.jpg?v=1746156672&width=1920', 'https://lectricebikes.com/cdn/shop/files/WST-people_56533fd1-b5de-48a1-aa5b-6c804a5248f3.jpg?v=1746200941&width=1920', 'https://lectricebikes.com/cdn/shop/files/WST-msc-1.jpg?v=1746200941&width=1920', 'https://lectricebikes.com/cdn/shop/files/WST-woman.jpg?v=1746200941&width=1920', 'https://lectricebikes.com/cdn/shop/files/WST-msc.jpg?v=1746200941&width=1920', 'https://lectricebikes.com/cdn/shop/files/WST-suspension.jpg?v=1746200941&width=1920', 'https://lectricebikes.com/cdn/shop/files/Display-RiderModes_2ac381d0-ffc2-4eaf-9088-98a65096ed46.jpg?v=1746201172&width=1920', 'https://lectricebikes.com/cdn/shop/files/602-brakes.jpg?v=1746201172&width=1920', 'https://lectricebikes.com/cdn/shop/files/Shifter.jpg?v=1746201172&width=1920', 'https://lectricebikes.com/cdn/shop/files/wst_angle_90_1_1x_d9aa5274-c394-4871-8b11-36e36d3eb37d.webp?v=1746201172&width=1920', 'https://lectricebikes.com/cdn/shop/files/wst_angle_90_1x_16d1f4a8-4374-4828-a0e7-97d527159fad.webp?v=1746201172&width=1920', 'https://lectricebikes.com/cdn/shop/files/wst_folded_1x_e5673586-64a2-4adc-b8ce-d9cb1dfe69ed.webp?v=1746201172&width=1920', 'https://lectricebikes.com/cdn/shop/files/wst_front_1x_1a935186-e46e-48ac-a590-5d19ea487b67.webp?v=1746201172&width=1920', 'https://lectricebikes.com/cdn/shop/files/wst_rear_1x_2dbdb5af-6037-45b4-8df4-88e08f768641.webp?v=1746201172&width=1920', 'https://lectricebikes.com/cdn/shop/files/preview_images/hqdefault_49d258c4-997a-498a-b220-985835dcbd19.jpg?v=1746514823&width=1920', 'https://lectricebikes.com/cdn/shop/files/wst_side2_1x_78d195a3-0d50-4f98-b0c2-754f83d497b3.webp?v=1746543117&width=1920', 'https://lectricebikes.com/cdn/shop/files/XP4_White_360-01_50d9e017-62f3-470f-8c5f-8661b51de6e4.webp?v=1746543117&width=600']","['https://lectricebikes.com/cdn/shop/files/wst_side_1x_67e9c1f8-f9db-4c83-857e-697fc6f1bf68.webp?v=1746156672&width=1920', 'https://lectricebikes.com/cdn/shop/files/WST-plain_51dee4da-9030-49a1-a8e0-a2e70c2b8a0d.jpg?v=1746156672&width=1920', 'https://lectricebikes.com/cdn/shop/files/WST-people_56533fd1-b5de-48a1-aa5b-6c804a5248f3.jpg?v=1746200941&width=1920', 'https://lectricebikes.com/cdn/shop/files/WST-msc-1.jpg?v=1746200941&width=1920', 'https://lectricebikes.com/cdn/shop/files/WST-woman.jpg?v=1746200941&width=1920', 'https://lectricebikes.com/cdn/shop/files/WST-msc.jpg?v=1746200941&width=1920', 'https://lectricebikes.com/cdn/shop/files/WST-suspension.jpg?v=1746200941&width=1920', 'https://lectricebikes.com/cdn/shop/files/Display-RiderModes_2ac381d0-ffc2-4eaf-9088-98a65096ed46.jpg?v=1746201172&width=1920', 'https://lectricebikes.com/cdn/shop/files/602-brakes.jpg?v=1746201172&width=1920', 'https://lectricebikes.com/cdn/shop/files/Shifter.jpg?v=1746201172&width=1920', 'https://lectricebikes.com/cdn/shop/files/wst_angle_90_1_1x_d9aa5274-c394-4871-8b11-36e36d3eb37d.webp?v=1746201172&width=1920', 'https://lectricebikes.com/cdn/shop/files/wst_angle_90_1x_16d1f4a8-4374-4828-a0e7-97d527159fad.webp?v=1746201172&width=1920', 'https://lectricebikes.com/cdn/shop/files/wst_folded_1x_e5673586-64a2-4adc-b8ce-d9cb1dfe69ed.webp?v=1746201172&width=1920', 'https://lectricebikes.com/cdn/shop/files/wst_front_1x_1a935186-e46e-48ac-a590-5d19ea487b67.webp?v=1746201172&width=1920', 'https://lectricebikes.com/cdn/shop/files/wst_rear_1x_2dbdb5af-6037-45b4-8df4-88e08f768641.webp?v=1746201172&width=1920', 'https://lectricebikes.com/cdn/shop/files/preview_images/hqdefault_49d258c4-997a-498a-b220-985835dcbd19.jpg?v=1746514823&width=1920', 'https://lectricebikes.com/cdn/shop/files/wst_side2_1x_78d195a3-0d50-4f98-b0c2-754f83d497b3.webp?v=1746543117&width=1920', 'https://lectricebikes.com/cdn/shop/files/XP4_White_360-01_50d9e017-62f3-470f-8c5f-8661b51de6e4.webp?v=1746543117&width=600']",Lectric eBikes,xp-step-thru-white,en-US,https://lectricebikes.com/products/xp-step-thru-white,2025-05-23T02:21:08.854960
XPedition 2.0 Raindrop Blue eBike,1399.0,,"A removable 48V, 13Ah lithium-ion battery certified to UL 2271 makes for a clean design while powering your ride for up to 60 miles on a single charge.** The XPedition is also certified to UL 2849.†","['https://lectricebikes.com/cdn/shop/files/XPedSingleBluePads_89ed6a87-3c8c-45e1-bc34-b65ac4d8cf01.webp?v=1739982960&width=1920', 'https://lectricebikes.com/cdn/shop/files/XPed-Blue-3_a24782c6-961a-4432-8066-90eb00db7d63.jpg?v=1746727607&width=1920', 'https://lectricebikes.com/cdn/shop/files/XPed-Blue-6_23fa300a-acda-4683-a2ed-0729d08c6a85.jpg?v=1746727607&width=1920', 'https://lectricebikes.com/cdn/shop/files/XPed-Blue-4_bda1dd59-a348-4982-a428-5d340dacab9a.jpg?v=1746727607&width=1920', 'https://lectricebikes.com/cdn/shop/files/XPed-Blue.jpg?v=1746727607&width=1920', 'https://lectricebikes.com/cdn/shop/files/XPed-Blue-1_70651bc3-339c-489a-ae99-cf66949c5345.jpg?v=1746727607&width=1920', 'https://lectricebikes.com/cdn/shop/files/XPed-Blue-5_199c9286-8aec-40ce-9571-32036753573a.jpg?v=1746727607&width=1920', 'https://lectricebikes.com/cdn/shop/files/XPed-Blue-2_8ec30bf1-547d-469a-a3d7-b22ec2164a40.jpg?v=1746727607&width=1920', 'https://lectricebikes.com/cdn/shop/files/XPed-Blue-7.jpg?v=1746727607&width=1920', 'https://lectricebikes.com/cdn/shop/files/XPed-blue-carry_8f8f680d-b78e-473b-b4b9-b09c5c5d2d6e.jpg?v=1746727607&width=1920', 'https://lectricebikes.com/cdn/shop/files/preview_images/hqdefault_2af57f45-239b-47c5-9a56-a3bc62ce9d46.jpg?v=1731698405&width=1920', 'https://lectricebikes.com/cdn/shop/files/XPed-B-back_cf5d32e1-6efb-4d31-b482-56f5aaf99acf.webp?v=1747371607&width=1920', 'https://lectricebikes.com/cdn/shop/files/XPed-B-single-angle_e4feda7a-5a7d-4078-8ac3-e0dad3870d9e.webp?v=1747371607&width=1920', 'https://lectricebikes.com/cdn/shop/files/XPed-B-single-side_c369a363-58c6-41aa-8496-e8dafd1c1608.webp?v=1746727607&width=1920', 'https://lectricebikes.com/cdn/shop/files/XPed-B-front_1478f46a-1a35-4f44-b812-1968d1469d86.webp?v=1747371607&width=1920', 'https://lectricebikes.com/cdn/shop/files/XPed-B-single-side2.webp?v=1747150183&width=1920', 'https://lectricebikes.com/cdn/shop/files/XPedition2.0_Blue_2.0_Single_360-01.webp?v=1747150183&width=600']","['https://lectricebikes.com/cdn/shop/files/XPedSingleBluePads_89ed6a87-3c8c-45e1-bc34-b65ac4d8cf01.webp?v=1739982960&width=1920', 'https://lectricebikes.com/cdn/shop/files/XPed-Blue-3_a24782c6-961a-4432-8066-90eb00db7d63.jpg?v=1746727607&width=1920', 'https://lectricebikes.com/cdn/shop/files/XPed-Blue-6_23fa300a-acda-4683-a2ed-0729d08c6a85.jpg?v=1746727607&width=1920', 'https://lectricebikes.com/cdn/shop/files/XPed-Blue-4_bda1dd59-a348-4982-a428-5d340dacab9a.jpg?v=1746727607&width=1920', 'https://lectricebikes.com/cdn/shop/files/XPed-Blue.jpg?v=1746727607&width=1920', 'https://lectricebikes.com/cdn/shop/files/XPed-Blue-1_70651bc3-339c-489a-ae99-cf66949c5345.jpg?v=1746727607&width=1920', 'https://lectricebikes.com/cdn/shop/files/XPed-Blue-5_199c9286-8aec-40ce-9571-32036753573a.jpg?v=1746727607&width=1920', 'https://lectricebikes.com/cdn/shop/files/XPed-Blue-2_8ec30bf1-547d-469a-a3d7-b22ec2164a40.jpg?v=1746727607&width=1920', 'https://lectricebikes.com/cdn/shop/files/XPed-Blue-7.jpg?v=1746727607&width=1920', 'https://lectricebikes.com/cdn/shop/files/XPed-blue-carry_8f8f680d-b78e-473b-b4b9-b09c5c5d2d6e.jpg?v=1746727607&width=1920', 'https://lectricebikes.com/cdn/shop/files/preview_images/hqdefault_2af57f45-239b-47c5-9a56-a3bc62ce9d46.jpg?v=1731698405&width=1920', 'https://lectricebikes.com/cdn/shop/files/XPed-B-back_cf5d32e1-6efb-4d31-b482-56f5aaf99acf.webp?v=1747371607&width=1920', 'https://lectricebikes.com/cdn/shop/files/XPed-B-single-angle_e4feda7a-5a7d-4078-8ac3-e0dad3870d9e.webp?v=1747371607&width=1920', 'https://lectricebikes.com/cdn/shop/files/XPed-B-single-side_c369a363-58c6-41aa-8496-e8dafd1c1608.webp?v=1746727607&width=1920', 'https://lectricebikes.com/cdn/shop/files/XPed-B-front_1478f46a-1a35-4f44-b812-1968d1469d86.webp?v=1747371607&width=1920', 'https://lectricebikes.com/cdn/shop/files/XPed-B-single-side2.webp?v=1747150183&width=1920', 'https://lectricebikes.com/cdn/shop/files/XPedition2.0_Blue_2.0_Single_360-01.webp?v=1747150183&width=600']",Lectric eBikes,xpedition-single-battery-blue,en-US,https://lectricebikes.com/products/xpedition-single-battery-blue,2025-05-23T02:21:10.738337
XP Lite 2.0 Lectric Blue eBike,799.0,,48V Lithium-Ion battery certified to UL 2271 with Standard or Long-Range options to power your ride for up to 45 or 80 miles respectively*. The Lectric XP Lite is also certified to UL 2849.,"['https://lectricebikes.com/cdn/shop/files/xpl-blue-1_3294bc1e-82fd-4605-be8f-dee53f4620c7.webp?v=1747371707&width=1920', 'https://lectricebikes.com/cdn/shop/files/XPL-Blue-3.jpg?v=1746112253&width=1920', 'https://lectricebikes.com/cdn/shop/files/XPL-Blue-2_7d51c452-abd5-4c64-9a2b-bd778f65fee2.jpg?v=1746112253&width=1920', 'https://lectricebikes.com/cdn/shop/files/XPL-Blue-1.jpg?v=1746112253&width=1920', 'https://lectricebikes.com/cdn/shop/files/XPL-blue-review.jpg?v=1746112253&width=1920', 'https://lectricebikes.com/cdn/shop/files/XPL-Blue-5.jpg?v=1746112253&width=1920', 'https://lectricebikes.com/cdn/shop/files/XPL-Blue-4.jpg?v=1746112253&width=1920', 'https://lectricebikes.com/cdn/shop/files/XPL-Blue_f303095d-0b12-475e-968c-c00cbcc6945a.jpg?v=1746112253&width=1920', 'https://lectricebikes.com/cdn/shop/files/blue-folded_deb3ab99-2117-4623-ae5e-53c4ded62648.webp?v=1747371707&width=1920', 'https://lectricebikes.com/cdn/shop/files/blue-side.webp?v=1747371707&width=1920', 'https://lectricebikes.com/cdn/shop/files/blue-side2.webp?v=1747371707&width=1920', 'https://lectricebikes.com/cdn/shop/files/blue-front.webp?v=1746112353&width=1920', 'https://lectricebikes.com/cdn/shop/files/xpl-blue-2_b30567d0-5cf0-4fb0-8ed8-8120e2d70cbb.webp?v=1747371707&width=1920', 'https://lectricebikes.com/cdn/shop/files/preview_images/hqdefault_0ef85e20-1712-44f9-8f84-6e8c0cb26c23.jpg?v=1722638444&width=1920', 'https://lectricebikes.com/cdn/shop/files/Lectric_XPLite2.0_blue_360-01.webp?v=1746112353&width=600']","['https://lectricebikes.com/cdn/shop/files/xpl-blue-1_3294bc1e-82fd-4605-be8f-dee53f4620c7.webp?v=1747371707&width=1920', 'https://lectricebikes.com/cdn/shop/files/XPL-Blue-3.jpg?v=1746112253&width=1920', 'https://lectricebikes.com/cdn/shop/files/XPL-Blue-2_7d51c452-abd5-4c64-9a2b-bd778f65fee2.jpg?v=1746112253&width=1920', 'https://lectricebikes.com/cdn/shop/files/XPL-Blue-1.jpg?v=1746112253&width=1920', 'https://lectricebikes.com/cdn/shop/files/XPL-blue-review.jpg?v=1746112253&width=1920', 'https://lectricebikes.com/cdn/shop/files/XPL-Blue-5.jpg?v=1746112253&width=1920', 'https://lectricebikes.com/cdn/shop/files/XPL-Blue-4.jpg?v=1746112253&width=1920', 'https://lectricebikes.com/cdn/shop/files/XPL-Blue_f303095d-0b12-475e-968c-c00cbcc6945a.jpg?v=1746112253&width=1920', 'https://lectricebikes.com/cdn/shop/files/blue-folded_deb3ab99-2117-4623-ae5e-53c4ded62648.webp?v=1747371707&width=1920', 'https://lectricebikes.com/cdn/shop/files/blue-side.webp?v=1747371707&width=1920', 'https://lectricebikes.com/cdn/shop/files/blue-side2.webp?v=1747371707&width=1920', 'https://lectricebikes.com/cdn/shop/files/blue-front.webp?v=1746112353&width=1920', 'https://lectricebikes.com/cdn/shop/files/xpl-blue-2_b30567d0-5cf0-4fb0-8ed8-8120e2d70cbb.webp?v=1747371707&width=1920', 'https://lectricebikes.com/cdn/shop/files/preview_images/hqdefault_0ef85e20-1712-44f9-8f84-6e8c0cb26c23.jpg?v=1722638444&width=1920', 'https://lectricebikes.com/cdn/shop/files/Lectric_XPLite2.0_blue_360-01.webp?v=1746112353&width=600']",Lectric eBikes,xp-lite-lectric-blue,en-US,https://lectricebikes.com/products/xp-lite-lectric-blue,2025-05-23T02:21:12.543663
XP Lite 2.0 JW Black eBike,899.0,,"Available with a Standard or Long-Range 48V lithium-ion battery certified to UL 2271 to power your ride for up to 80 miles, respectively.*† The Lectric XP Lite is also certified to UL 2849.","['https://lectricebikes.com/cdn/shop/files/BXPL_3f61b6b9-24d0-4c23-8b85-e643b20d43e2.webp?v=1717615078&width=1920', 'https://lectricebikes.com/cdn/shop/files/XPL-Black_b2e8b0ca-e8bb-46d9-8794-0b51c658f895.jpg?v=1746112208&width=1920', 'https://lectricebikes.com/cdn/shop/files/XPL-Black-4.jpg?v=1746112208&width=1920', 'https://lectricebikes.com/cdn/shop/files/XPL-Black-5.jpg?v=1746112208&width=1920', 'https://lectricebikes.com/cdn/shop/files/XPL-Black-3.jpg?v=1746112208&width=1920', 'https://lectricebikes.com/cdn/shop/files/XPL-Black-6.jpg?v=1746112208&width=1920', 'https://lectricebikes.com/cdn/shop/files/XPL-Black-1.jpg?v=1746112208&width=1920', 'https://lectricebikes.com/cdn/shop/files/XPL-Black-2_19e8f536-63a0-43ee-b7f0-9d9e0a2f8721.jpg?v=1746112208&width=1920', 'https://lectricebikes.com/cdn/shop/files/black-side.webp?v=1747371699&width=1920', 'https://lectricebikes.com/cdn/shop/files/folded-black_8c8aa724-8bc5-40b6-bfe8-489370125601.webp?v=1747371699&width=1920', 'https://lectricebikes.com/cdn/shop/files/xpl-black-1_cc670f92-547d-4ed2-945b-f93aa1972998.webp?v=1747371699&width=1920', 'https://lectricebikes.com/cdn/shop/files/black-front.webp?v=1747371699&width=1920', 'https://lectricebikes.com/cdn/shop/files/black-side2.webp?v=1747371699&width=1920', 'https://lectricebikes.com/cdn/shop/files/xpl-black-2_85fa6033-fde9-43d6-9a6d-6e3710422a00.webp?v=1747371699&width=1920', 'https://lectricebikes.com/cdn/shop/files/preview_images/hqdefault_0ef85e20-1712-44f9-8f84-6e8c0cb26c23.jpg?v=1722638444&width=1920', 'https://lectricebikes.com/cdn/shop/files/Lectric_XPLite2.0_black_360-01.webp?v=1746112197&width=600']","['https://lectricebikes.com/cdn/shop/files/BXPL_3f61b6b9-24d0-4c23-8b85-e643b20d43e2.webp?v=1717615078&width=1920', 'https://lectricebikes.com/cdn/shop/files/XPL-Black_b2e8b0ca-e8bb-46d9-8794-0b51c658f895.jpg?v=1746112208&width=1920', 'https://lectricebikes.com/cdn/shop/files/XPL-Black-4.jpg?v=1746112208&width=1920', 'https://lectricebikes.com/cdn/shop/files/XPL-Black-5.jpg?v=1746112208&width=1920', 'https://lectricebikes.com/cdn/shop/files/XPL-Black-3.jpg?v=1746112208&width=1920', 'https://lectricebikes.com/cdn/shop/files/XPL-Black-6.jpg?v=1746112208&width=1920', 'https://lectricebikes.com/cdn/shop/files/XPL-Black-1.jpg?v=1746112208&width=1920', 'https://lectricebikes.com/cdn/shop/files/XPL-Black-2_19e8f536-63a0-43ee-b7f0-9d9e0a2f8721.jpg?v=1746112208&width=1920', 'https://lectricebikes.com/cdn/shop/files/black-side.webp?v=1747371699&width=1920', 'https://lectricebikes.com/cdn/shop/files/folded-black_8c8aa724-8bc5-40b6-bfe8-489370125601.webp?v=1747371699&width=1920', 'https://lectricebikes.com/cdn/shop/files/xpl-black-1_cc670f92-547d-4ed2-945b-f93aa1972998.webp?v=1747371699&width=1920', 'https://lectricebikes.com/cdn/shop/files/black-front.webp?v=1747371699&width=1920', 'https://lectricebikes.com/cdn/shop/files/black-side2.webp?v=1747371699&width=1920', 'https://lectricebikes.com/cdn/shop/files/xpl-black-2_85fa6033-fde9-43d6-9a6d-6e3710422a00.webp?v=1747371699&width=1920', 'https://lectricebikes.com/cdn/shop/files/preview_images/hqdefault_0ef85e20-1712-44f9-8f84-6e8c0cb26c23.jpg?v=1722638444&width=1920', 'https://lectricebikes.com/cdn/shop/files/Lectric_XPLite2.0_black_360-01.webp?v=1746112197&width=600']",Lectric eBikes,xp-lite-jw-black,en-US,https://lectricebikes.com/products/xp-lite-jw-black,2025-05-23T02:21:14.158426
XPeak Step-Thru 2.0 Long-Range eBike,1699.0,,"A removable 48V 20Ah lithium-ion battery certified to UL 2271, integrated on the down tube of the frame with a color-matched plate, makes for a clean and easily-accessible design.† The XPeak is also certified to UL 2849.","['https://lectricebikes.com/cdn/shop/files/w-xpeak-side-BFB.webp?v=1746735978&width=1920', 'https://lectricebikes.com/cdn/shop/files/XPeak-White_84f6dab4-f947-4e90-9d5e-b6e5545f1a3a.jpg?v=1746736107&width=1920', 'https://lectricebikes.com/cdn/shop/files/XPeak-White-2_986b75fe-c23d-4953-a9de-6013ba7fb2c9.jpg?v=1746736107&width=1920', 'https://lectricebikes.com/cdn/shop/files/XPeak-brakes_ba598453-1644-4e0b-bd06-fd661011dc45.jpg?v=1746736107&width=1920', 'https://lectricebikes.com/cdn/shop/files/XPeak-White-1_3a283cb0-640e-4a21-9aae-01230b5e5264.jpg?v=1746736107&width=1920', 'https://lectricebikes.com/cdn/shop/files/XPeak-tires_89991f53-e099-455f-aa22-712e729b91e1.jpg?v=1746736107&width=1920', 'https://lectricebikes.com/cdn/shop/files/XPeakST-people_953e83e7-dc6b-4d89-9fe5-3cd0db3a65fd.jpg?v=1746736107&width=1920', 'https://lectricebikes.com/cdn/shop/files/XPeak-display_9d7eefcb-5899-4131-b722-1e5693c86f98.jpg?v=1746736107&width=1920', 'https://lectricebikes.com/cdn/shop/files/XPeak-STw-review_11e2e28d-973b-416b-b799-68604f1b1cec.jpg?v=1746736107&width=1920', 'https://lectricebikes.com/cdn/shop/files/XPeakHS-people_5566002d-f9d6-4cb6-8295-ca41ed79255f.jpg?v=1746736133&width=1920', 'https://lectricebikes.com/cdn/shop/files/w-xpeak-angle-BFB.webp?v=1746736133&width=1920', 'https://lectricebikes.com/cdn/shop/files/w-xpeak-back.webp?v=1746736133&width=1920', 'https://lectricebikes.com/cdn/shop/files/w-xpeak-front.webp?v=1746736133&width=1920', 'https://lectricebikes.com/cdn/shop/files/w-xpeak-angle.webp?v=1746736133&width=1920', 'https://lectricebikes.com/cdn/shop/files/w-xpeak-side.webp?v=1746736133&width=1920', 'https://lectricebikes.com/cdn/shop/files/w-xpeak-side_fenders-rack.webp?v=1746736133&width=1920', 'https://lectricebikes.com/cdn/shop/files/LectricXPeak2.0_LS_360-01.webp?v=1746736133&width=600']","['https://lectricebikes.com/cdn/shop/files/w-xpeak-side-BFB.webp?v=1746735978&width=1920', 'https://lectricebikes.com/cdn/shop/files/XPeak-White_84f6dab4-f947-4e90-9d5e-b6e5545f1a3a.jpg?v=1746736107&width=1920', 'https://lectricebikes.com/cdn/shop/files/XPeak-White-2_986b75fe-c23d-4953-a9de-6013ba7fb2c9.jpg?v=1746736107&width=1920', 'https://lectricebikes.com/cdn/shop/files/XPeak-brakes_ba598453-1644-4e0b-bd06-fd661011dc45.jpg?v=1746736107&width=1920', 'https://lectricebikes.com/cdn/shop/files/XPeak-White-1_3a283cb0-640e-4a21-9aae-01230b5e5264.jpg?v=1746736107&width=1920', 'https://lectricebikes.com/cdn/shop/files/XPeak-tires_89991f53-e099-455f-aa22-712e729b91e1.jpg?v=1746736107&width=1920', 'https://lectricebikes.com/cdn/shop/files/XPeakST-people_953e83e7-dc6b-4d89-9fe5-3cd0db3a65fd.jpg?v=1746736107&width=1920', 'https://lectricebikes.com/cdn/shop/files/XPeak-display_9d7eefcb-5899-4131-b722-1e5693c86f98.jpg?v=1746736107&width=1920', 'https://lectricebikes.com/cdn/shop/files/XPeak-STw-review_11e2e28d-973b-416b-b799-68604f1b1cec.jpg?v=1746736107&width=1920', 'https://lectricebikes.com/cdn/shop/files/XPeakHS-people_5566002d-f9d6-4cb6-8295-ca41ed79255f.jpg?v=1746736133&width=1920', 'https://lectricebikes.com/cdn/shop/files/w-xpeak-angle-BFB.webp?v=1746736133&width=1920', 'https://lectricebikes.com/cdn/shop/files/w-xpeak-back.webp?v=1746736133&width=1920', 'https://lectricebikes.com/cdn/shop/files/w-xpeak-front.webp?v=1746736133&width=1920', 'https://lectricebikes.com/cdn/shop/files/w-xpeak-angle.webp?v=1746736133&width=1920', 'https://lectricebikes.com/cdn/shop/files/w-xpeak-side.webp?v=1746736133&width=1920', 'https://lectricebikes.com/cdn/shop/files/w-xpeak-side_fenders-rack.webp?v=1746736133&width=1920', 'https://lectricebikes.com/cdn/shop/files/LectricXPeak2.0_LS_360-01.webp?v=1746736133&width=600']",Lectric eBikes,xpeak-step-thru-long-range-ebike,en-US,https://lectricebikes.com/products/xpeak-step-thru-long-range-ebike,2025-05-23T02:21:15.785826
XP Step-Thru 3.0 White Long-Range eBike,999.0,,48V Lithium-Ion battery certified to UL 2271 with Standard or Long-Range options to power your ride for up to 45 or 65 miles respectively. The Lectric XP 3.0 is also certified to UL 2849.,"['https://lectricebikes.com/cdn/shop/files/WST30_DS_90_e76741c2-b0a5-40a5-9d6b-98bc83b6a1de.webp?v=1743491114&width=1920', 'https://lectricebikes.com/cdn/shop/files/3-WST--3_8b3d055e-86a8-4472-a506-e68fd45309b4.jpg?v=1746111371&width=1920', 'https://lectricebikes.com/cdn/shop/files/3-WST--4_33ea50b0-7ef8-4e44-9699-93d07b704158.jpg?v=1746111371&width=1920', 'https://lectricebikes.com/cdn/shop/files/3-WST--2_f31da531-17b6-4be6-bdfc-59f3abbd8fc7.jpg?v=1746111371&width=1920', 'https://lectricebikes.com/cdn/shop/files/3-WST--1_33dde2a0-2156-4382-bfa9-f0bd2b224c3b.jpg?v=1746111371&width=1920', 'https://lectricebikes.com/cdn/shop/files/3-WST--6_811e8158-5839-4828-9457-9a0c619b048e.jpg?v=1746111371&width=1920', 'https://lectricebikes.com/cdn/shop/files/3-WST_b23b9770-ff18-4e30-aced-3004d61307ad.jpg?v=1746111371&width=1920', 'https://lectricebikes.com/cdn/shop/files/3-WST--7_aad7ff26-2142-4bcf-999b-ea547f3e17ab.jpg?v=1746111371&width=1920', 'https://lectricebikes.com/cdn/shop/files/3-WST--5_59598b34-b167-4fe6-8f21-5ccf5bb92a47.jpg?v=1746111371&width=1920', 'https://lectricebikes.com/cdn/shop/files/WST-folded_532c6294-4370-43a3-a89d-17ac04d8dc2c.webp?v=1746111371&width=1920', 'https://lectricebikes.com/cdn/shop/files/WST_Angle_0fae16fc-50ad-40ee-bb2c-d5b1addc00db.webp?v=1746111371&width=1920', 'https://lectricebikes.com/cdn/shop/files/WST30_Straight.webp?v=1746111371&width=1920', 'https://lectricebikes.com/cdn/shop/files/3-WST-side_6cd7fbce-9bf6-4824-a27e-06e4fedca698.webp?v=1746111371&width=1920', 'https://lectricebikes.com/cdn/shop/products/hqdefault_4b5a3bf9-6838-4ba2-9f35-00bcae6759d2.jpg?v=1667330507&width=1920', 'https://lectricebikes.com/cdn/shop/files/Lectric_XP3.0_WST_360-01_e0ee8a92-7c75-4f08-a64e-592f73d8deeb.webp?v=1746111371&width=600']","['https://lectricebikes.com/cdn/shop/files/WST30_DS_90_e76741c2-b0a5-40a5-9d6b-98bc83b6a1de.webp?v=1743491114&width=1920', 'https://lectricebikes.com/cdn/shop/files/3-WST--3_8b3d055e-86a8-4472-a506-e68fd45309b4.jpg?v=1746111371&width=1920', 'https://lectricebikes.com/cdn/shop/files/3-WST--4_33ea50b0-7ef8-4e44-9699-93d07b704158.jpg?v=1746111371&width=1920', 'https://lectricebikes.com/cdn/shop/files/3-WST--2_f31da531-17b6-4be6-bdfc-59f3abbd8fc7.jpg?v=1746111371&width=1920', 'https://lectricebikes.com/cdn/shop/files/3-WST--1_33dde2a0-2156-4382-bfa9-f0bd2b224c3b.jpg?v=1746111371&width=1920', 'https://lectricebikes.com/cdn/shop/files/3-WST--6_811e8158-5839-4828-9457-9a0c619b048e.jpg?v=1746111371&width=1920', 'https://lectricebikes.com/cdn/shop/files/3-WST_b23b9770-ff18-4e30-aced-3004d61307ad.jpg?v=1746111371&width=1920', 'https://lectricebikes.com/cdn/shop/files/3-WST--7_aad7ff26-2142-4bcf-999b-ea547f3e17ab.jpg?v=1746111371&width=1920', 'https://lectricebikes.com/cdn/shop/files/3-WST--5_59598b34-b167-4fe6-8f21-5ccf5bb92a47.jpg?v=1746111371&width=1920', 'https://lectricebikes.com/cdn/shop/files/WST-folded_532c6294-4370-43a3-a89d-17ac04d8dc2c.webp?v=1746111371&width=1920', 'https://lectricebikes.com/cdn/shop/files/WST_Angle_0fae16fc-50ad-40ee-bb2c-d5b1addc00db.webp?v=1746111371&width=1920', 'https://lectricebikes.com/cdn/shop/files/WST30_Straight.webp?v=1746111371&width=1920', 'https://lectricebikes.com/cdn/shop/files/3-WST-side_6cd7fbce-9bf6-4824-a27e-06e4fedca698.webp?v=1746111371&width=1920', 'https://lectricebikes.com/cdn/shop/products/hqdefault_4b5a3bf9-6838-4ba2-9f35-00bcae6759d2.jpg?v=1667330507&width=1920', 'https://lectricebikes.com/cdn/shop/files/Lectric_XP3.0_WST_360-01_e0ee8a92-7c75-4f08-a64e-592f73d8deeb.webp?v=1746111371&width=600']",Lectric eBikes,xp-step-thru-3-0-white-long-range,en-US,https://lectricebikes.com/products/xp-step-thru-3-0-white-long-range,2025-05-23T02:21:17.744249
Electric XP Trike,1499.0,,"48V, 13Ah lithium-ion battery certified to UL 2271 to power your ride for up to 50 miles. The XP Trike is also certified to UL 2849.","['https://lectricebikes.com/cdn/shop/files/RaisedCargoSupport.webp?v=1740065700&width=1920', 'https://lectricebikes.com/cdn/shop/files/trike-1_05e53f21-e64c-4850-b057-17471bc1ec66.jpg?v=1745442436&width=1920', 'https://lectricebikes.com/cdn/shop/files/trike3_6dc17e03-de96-4d22-9f31-d51c01c6bd2c.jpg?v=1745442436&width=1920', 'https://lectricebikes.com/cdn/shop/files/trike-assembled_cc6e7a6a-81ae-4c31-aeb5-cbf1c40a26e5.jpg?v=1745442436&width=1920', 'https://lectricebikes.com/cdn/shop/files/trike-lady_9052d9c8-d81e-4dd3-a18b-d7355e693606.jpg?v=1745442436&width=1920', 'https://lectricebikes.com/cdn/shop/files/trike-mileage_94eb0235-4973-49e0-9ed3-4463caa7eded.jpg?v=1745442436&width=1920', 'https://lectricebikes.com/cdn/shop/files/trike-review_e62f1f9b-ca92-4004-817a-ec51961259a1.jpg?v=1745442436&width=1920', 'https://lectricebikes.com/cdn/shop/files/45.webp?v=1745442436&width=1920', 'https://lectricebikes.com/cdn/shop/files/Back.webp?v=1745442436&width=1920', 'https://lectricebikes.com/cdn/shop/files/Front.webp?v=1745442436&width=1920', 'https://lectricebikes.com/cdn/shop/files/Folded.webp?v=1745442436&width=1920', 'https://lectricebikes.com/cdn/shop/files/trike-cargo.webp?v=1745442436&width=1920', 'https://lectricebikes.com/cdn/shop/files/driveside.webp?v=1745442436&width=1920', 'https://lectricebikes.com/cdn/shop/files/preview_images/hqdefault_59c69b37-a75c-4d29-afb9-5c49dab377e0.jpg?v=1736280932&width=1920', 'https://lectricebikes.com/cdn/shop/files/Trike_1.5_360-01.webp?v=1745442436&width=600']","['https://lectricebikes.com/cdn/shop/files/RaisedCargoSupport.webp?v=1740065700&width=1920', 'https://lectricebikes.com/cdn/shop/files/trike-1_05e53f21-e64c-4850-b057-17471bc1ec66.jpg?v=1745442436&width=1920', 'https://lectricebikes.com/cdn/shop/files/trike3_6dc17e03-de96-4d22-9f31-d51c01c6bd2c.jpg?v=1745442436&width=1920', 'https://lectricebikes.com/cdn/shop/files/trike-assembled_cc6e7a6a-81ae-4c31-aeb5-cbf1c40a26e5.jpg?v=1745442436&width=1920', 'https://lectricebikes.com/cdn/shop/files/trike-lady_9052d9c8-d81e-4dd3-a18b-d7355e693606.jpg?v=1745442436&width=1920', 'https://lectricebikes.com/cdn/shop/files/trike-mileage_94eb0235-4973-49e0-9ed3-4463caa7eded.jpg?v=1745442436&width=1920', 'https://lectricebikes.com/cdn/shop/files/trike-review_e62f1f9b-ca92-4004-817a-ec51961259a1.jpg?v=1745442436&width=1920', 'https://lectricebikes.com/cdn/shop/files/45.webp?v=1745442436&width=1920', 'https://lectricebikes.com/cdn/shop/files/Back.webp?v=1745442436&width=1920', 'https://lectricebikes.com/cdn/shop/files/Front.webp?v=1745442436&width=1920', 'https://lectricebikes.com/cdn/shop/files/Folded.webp?v=1745442436&width=1920', 'https://lectricebikes.com/cdn/shop/files/trike-cargo.webp?v=1745442436&width=1920', 'https://lectricebikes.com/cdn/shop/files/driveside.webp?v=1745442436&width=1920', 'https://lectricebikes.com/cdn/shop/files/preview_images/hqdefault_59c69b37-a75c-4d29-afb9-5c49dab377e0.jpg?v=1736280932&width=1920', 'https://lectricebikes.com/cdn/shop/files/Trike_1.5_360-01.webp?v=1745442436&width=600']",Lectric eBikes,xp-trike-graphite,en-US,https://lectricebikes.com/products/xp-trike-graphite,2025-05-23T02:21:19.622238
XPedition 2.0 Stratus White eBike,1399.0,,"A removable 48V, 13Ah lithium-ion battery certified to UL 2271 makes for a clean design while powering your ride for up to 60 miles on a single charge.** The XPedition is also certified to UL 2849.†","['https://lectricebikes.com/cdn/shop/files/XPedSingleWhitePads.webp?v=1739982860&width=1920', 'https://lectricebikes.com/cdn/shop/files/XPed-White-1.jpg?v=1746727434&width=1920', 'https://lectricebikes.com/cdn/shop/files/XPed-White-3.jpg?v=1746727434&width=1920', 'https://lectricebikes.com/cdn/shop/files/XPed-White-6.jpg?v=1746727434&width=1920', 'https://lectricebikes.com/cdn/shop/files/XPed-White-2.jpg?v=1746727434&width=1920', 'https://lectricebikes.com/cdn/shop/files/XPed-White.jpg?v=1746727434&width=1920', 'https://lectricebikes.com/cdn/shop/files/XPed-White-4.jpg?v=1746727434&width=1920', 'https://lectricebikes.com/cdn/shop/files/XPed-White-5.jpg?v=1746727434&width=1920', 'https://lectricebikes.com/cdn/shop/files/XPed-white-carry.jpg?v=1746727434&width=1920', 'https://lectricebikes.com/cdn/shop/files/preview_images/hqdefault_2af57f45-239b-47c5-9a56-a3bc62ce9d46.jpg?v=1731698405&width=1920', 'https://lectricebikes.com/cdn/shop/files/XPed-W-single-angle.webp?v=1746727432&width=1920', 'https://lectricebikes.com/cdn/shop/files/XPed-White-33copy.webp?v=1747371651&width=1920', 'https://lectricebikes.com/cdn/shop/files/XPed-White-35copy.webp?v=1747371651&width=1920', 'https://lectricebikes.com/cdn/shop/files/XPed-W-single-side.webp?v=1746727432&width=1920', 'https://lectricebikes.com/cdn/shop/files/XPedition2.0_White_2.0_Single_360-01.webp?v=1747371651&width=600']","['https://lectricebikes.com/cdn/shop/files/XPedSingleWhitePads.webp?v=1739982860&width=1920', 'https://lectricebikes.com/cdn/shop/files/XPed-White-1.jpg?v=1746727434&width=1920', 'https://lectricebikes.com/cdn/shop/files/XPed-White-3.jpg?v=1746727434&width=1920', 'https://lectricebikes.com/cdn/shop/files/XPed-White-6.jpg?v=1746727434&width=1920', 'https://lectricebikes.com/cdn/shop/files/XPed-White-2.jpg?v=1746727434&width=1920', 'https://lectricebikes.com/cdn/shop/files/XPed-White.jpg?v=1746727434&width=1920', 'https://lectricebikes.com/cdn/shop/files/XPed-White-4.jpg?v=1746727434&width=1920', 'https://lectricebikes.com/cdn/shop/files/XPed-White-5.jpg?v=1746727434&width=1920', 'https://lectricebikes.com/cdn/shop/files/XPed-white-carry.jpg?v=1746727434&width=1920', 'https://lectricebikes.com/cdn/shop/files/preview_images/hqdefault_2af57f45-239b-47c5-9a56-a3bc62ce9d46.jpg?v=1731698405&width=1920', 'https://lectricebikes.com/cdn/shop/files/XPed-W-single-angle.webp?v=1746727432&width=1920', 'https://lectricebikes.com/cdn/shop/files/XPed-White-33copy.webp?v=1747371651&width=1920', 'https://lectricebikes.com/cdn/shop/files/XPed-White-35copy.webp?v=1747371651&width=1920', 'https://lectricebikes.com/cdn/shop/files/XPed-W-single-side.webp?v=1746727432&width=1920', 'https://lectricebikes.com/cdn/shop/files/XPedition2.0_White_2.0_Single_360-01.webp?v=1747371651&width=600']",Lectric eBikes,xpedition-single-battery,en-US,https://lectricebikes.com/products/xpedition-single-battery,2025-05-23T02:21:21.266404
XP Lite 2.0 Lavender Haze eBike,799.0,,48V Lithium-Ion battery certified to UL 2271 with Standard or Long-Range options to power your ride for up to 45 or 80 miles respectively*. The Lectric XP Lite is also certified to UL 2849.,"['https://lectricebikes.com/cdn/shop/files/xpl-lav-1_295efbba-3aa4-4167-8b0b-403a29c8ff0b.webp?v=1747371704&width=1920', 'https://lectricebikes.com/cdn/shop/files/XPL-Lav-2_0b904843-3fb3-43c1-8501-ed01cfc8adcd.jpg?v=1746112297&width=1920', 'https://lectricebikes.com/cdn/shop/files/XPL-Lav-5_409c2161-57b3-4ebf-9927-d0e64f3abf34.jpg?v=1746112297&width=1920', 'https://lectricebikes.com/cdn/shop/files/XPL-Lav-4_7af8ad35-ccde-4130-ac70-ed7135e6ded1.jpg?v=1746112297&width=1920', 'https://lectricebikes.com/cdn/shop/files/XPL-lav-review_a5bdeb22-8177-4012-b195-54a749843f3f.jpg?v=1746112297&width=1920', 'https://lectricebikes.com/cdn/shop/files/XPL-Lav-3_f9e14145-96cf-401f-8f21-851abeab086f.jpg?v=1746112297&width=1920', 'https://lectricebikes.com/cdn/shop/files/XPL-Lav_1fa6d66c-f3d4-4bb5-b7ed-3770160dc254.jpg?v=1746112297&width=1920', 'https://lectricebikes.com/cdn/shop/files/lav-folded_562306a9-c86f-4744-acbd-3849510aa6c6.webp?v=1747371704&width=1920', 'https://lectricebikes.com/cdn/shop/files/lav-side.webp?v=1746112331&width=1920', 'https://lectricebikes.com/cdn/shop/files/lav-side2.webp?v=1746112331&width=1920', 'https://lectricebikes.com/cdn/shop/files/lav-front.webp?v=1746112331&width=1920', 'https://lectricebikes.com/cdn/shop/files/xpl-lav-2_7e2de78d-664b-4dc8-acb4-d6127fd87cf6.webp?v=1747371704&width=1920', 'https://lectricebikes.com/cdn/shop/files/preview_images/hqdefault_0ef85e20-1712-44f9-8f84-6e8c0cb26c23.jpg?v=1722638444&width=1920', 'https://lectricebikes.com/cdn/shop/files/Lectric_XPLite2.0_lavender_360-01.webp?v=1746112331&width=600']","['https://lectricebikes.com/cdn/shop/files/xpl-lav-1_295efbba-3aa4-4167-8b0b-403a29c8ff0b.webp?v=1747371704&width=1920', 'https://lectricebikes.com/cdn/shop/files/XPL-Lav-2_0b904843-3fb3-43c1-8501-ed01cfc8adcd.jpg?v=1746112297&width=1920', 'https://lectricebikes.com/cdn/shop/files/XPL-Lav-5_409c2161-57b3-4ebf-9927-d0e64f3abf34.jpg?v=1746112297&width=1920', 'https://lectricebikes.com/cdn/shop/files/XPL-Lav-4_7af8ad35-ccde-4130-ac70-ed7135e6ded1.jpg?v=1746112297&width=1920', 'https://lectricebikes.com/cdn/shop/files/XPL-lav-review_a5bdeb22-8177-4012-b195-54a749843f3f.jpg?v=1746112297&width=1920', 'https://lectricebikes.com/cdn/shop/files/XPL-Lav-3_f9e14145-96cf-401f-8f21-851abeab086f.jpg?v=1746112297&width=1920', 'https://lectricebikes.com/cdn/shop/files/XPL-Lav_1fa6d66c-f3d4-4bb5-b7ed-3770160dc254.jpg?v=1746112297&width=1920', 'https://lectricebikes.com/cdn/shop/files/lav-folded_562306a9-c86f-4744-acbd-3849510aa6c6.webp?v=1747371704&width=1920', 'https://lectricebikes.com/cdn/shop/files/lav-side.webp?v=1746112331&width=1920', 'https://lectricebikes.com/cdn/shop/files/lav-side2.webp?v=1746112331&width=1920', 'https://lectricebikes.com/cdn/shop/files/lav-front.webp?v=1746112331&width=1920', 'https://lectricebikes.com/cdn/shop/files/xpl-lav-2_7e2de78d-664b-4dc8-acb4-d6127fd87cf6.webp?v=1747371704&width=1920', 'https://lectricebikes.com/cdn/shop/files/preview_images/hqdefault_0ef85e20-1712-44f9-8f84-6e8c0cb26c23.jpg?v=1722638444&width=1920', 'https://lectricebikes.com/cdn/shop/files/Lectric_XPLite2.0_lavender_360-01.webp?v=1746112331&width=600']",Lectric eBikes,xp-lite-lavender-haze,en-US,https://lectricebikes.com/products/xp-lite-lavender-haze,2025-05-23T02:21:23.008067
XPress High-Step eBike,999.0,,"A removable 48V 10.4Ah lithium-ion battery certified to UL 2271, integrated on the down tube of the frame, makes for a clean and easily-accessible design.† The XPress is also certified to UL 2849.","['https://lectricebikes.com/cdn/shop/files/BLK_XPress_DS_90.webp?v=1723156589&width=1920', 'https://lectricebikes.com/cdn/shop/files/XPress-black_073c1919-eaff-447c-90bc-38649db6b956.jpg?v=1747237206&width=1920', 'https://lectricebikes.com/cdn/shop/files/XPress-black-3.jpg?v=1747237167&width=1920', 'https://lectricebikes.com/cdn/shop/files/XPress-black-4.jpg?v=1747237167&width=1920', 'https://lectricebikes.com/cdn/shop/files/XPress-black-6.jpg?v=1747237167&width=1920', 'https://lectricebikes.com/cdn/shop/files/XPress-black-1.jpg?v=1747237167&width=1920', 'https://lectricebikes.com/cdn/shop/files/XPress-black_83bc385f-e724-49e8-bef1-43aa866a051c.jpg?v=1747237167&width=1920', 'https://lectricebikes.com/cdn/shop/files/xpress-1_4e03780b-e510-4476-83bd-488a14d3fa28.jpg?v=1747237167&width=1920', 'https://lectricebikes.com/cdn/shop/files/XPress-black-5.jpg?v=1747237167&width=1920', 'https://lectricebikes.com/cdn/shop/files/BLK_XPress_DS_45.webp?v=1747237167&width=1920', 'https://lectricebikes.com/cdn/shop/files/BLK_XPress_Straight.webp?v=1747237167&width=1920', 'https://lectricebikes.com/cdn/shop/files/preview_images/hqdefault_961daa17-9a21-4587-bb46-7ff38c2490ea.jpg?v=1722637891&width=1920', 'https://lectricebikes.com/cdn/shop/files/XpressHigh_360-01_02df9fcb-8574-483b-8866-26595ebfed8c.webp?v=1747237167&width=600']","['https://lectricebikes.com/cdn/shop/files/BLK_XPress_DS_90.webp?v=1723156589&width=1920', 'https://lectricebikes.com/cdn/shop/files/XPress-black_073c1919-eaff-447c-90bc-38649db6b956.jpg?v=1747237206&width=1920', 'https://lectricebikes.com/cdn/shop/files/XPress-black-3.jpg?v=1747237167&width=1920', 'https://lectricebikes.com/cdn/shop/files/XPress-black-4.jpg?v=1747237167&width=1920', 'https://lectricebikes.com/cdn/shop/files/XPress-black-6.jpg?v=1747237167&width=1920', 'https://lectricebikes.com/cdn/shop/files/XPress-black-1.jpg?v=1747237167&width=1920', 'https://lectricebikes.com/cdn/shop/files/XPress-black_83bc385f-e724-49e8-bef1-43aa866a051c.jpg?v=1747237167&width=1920', 'https://lectricebikes.com/cdn/shop/files/xpress-1_4e03780b-e510-4476-83bd-488a14d3fa28.jpg?v=1747237167&width=1920', 'https://lectricebikes.com/cdn/shop/files/XPress-black-5.jpg?v=1747237167&width=1920', 'https://lectricebikes.com/cdn/shop/files/BLK_XPress_DS_45.webp?v=1747237167&width=1920', 'https://lectricebikes.com/cdn/shop/files/BLK_XPress_Straight.webp?v=1747237167&width=1920', 'https://lectricebikes.com/cdn/shop/files/preview_images/hqdefault_961daa17-9a21-4587-bb46-7ff38c2490ea.jpg?v=1722637891&width=1920', 'https://lectricebikes.com/cdn/shop/files/XpressHigh_360-01_02df9fcb-8574-483b-8866-26595ebfed8c.webp?v=1747237167&width=600']",Lectric eBikes,xpress-high-step-ebike,en-US,https://lectricebikes.com/products/xpress-high-step-ebike,2025-05-23T02:21:24.533960
XP4 750 Step-Thru Raindrop Blue eBike,1299.0,,"An integrated & removable 48V, 17.5Ah lithium-ion battery certified to UL 2271 makes for a clean design while powering your ride for up to 85 miles on a single charge.** The XP4 is also certified to UL 2849.† Removing the battery from the frame is a breeze with the side-facing key port location.","['https://lectricebikes.com/cdn/shop/files/blust_bundle_1x_88550db9-296e-4d30-8c29-f826d813d19b.webp?v=1746541420&width=1920', 'https://lectricebikes.com/cdn/shop/files/BLUST-plain.jpg?v=1746541420&width=1920', 'https://lectricebikes.com/cdn/shop/files/BLUST-woman.jpg?v=1746541420&width=1920', 'https://lectricebikes.com/cdn/shop/files/BLUST-msc2.jpg?v=1746541420&width=1920', 'https://lectricebikes.com/cdn/shop/files/BLUST-msc1.jpg?v=1746541420&width=1920', 'https://lectricebikes.com/cdn/shop/files/BLUST-people.jpg?v=1746541420&width=1920', 'https://lectricebikes.com/cdn/shop/files/602-brakes_c60df50b-e8f1-49bf-bfa9-8f73133c74d7.jpg?v=1746541420&width=1920', 'https://lectricebikes.com/cdn/shop/files/BLUST-msc2-1.jpg?v=1746541420&width=1920', 'https://lectricebikes.com/cdn/shop/files/Display-settings_f13db40a-8d16-47f5-a0b0-ad36ebd806cb.jpg?v=1746541420&width=1920', 'https://lectricebikes.com/cdn/shop/files/Shifter_c68dd782-385c-4c98-80d0-eac7e7d060ae.jpg?v=1746541420&width=1920', 'https://lectricebikes.com/cdn/shop/files/blust_folded_1x_358b2b60-53e1-407e-b5e0-1de6a9f226f0.webp?v=1746541420&width=1920', 'https://lectricebikes.com/cdn/shop/files/blust_angle_90_1_1x_68c41bca-f513-4b6d-baf4-b9425ba76ec2.webp?v=1746541420&width=1920', 'https://lectricebikes.com/cdn/shop/files/blust_angle_90_1x_ff1e2104-9173-477a-b0a1-c0821a10d4da.webp?v=1746541420&width=1920', 'https://lectricebikes.com/cdn/shop/files/blust_front_1x_d691ada2-7620-4672-a6d8-965b2b18bb0e.webp?v=1746541420&width=1920', 'https://lectricebikes.com/cdn/shop/files/blust_rear_1x_2ba247f1-eefc-4f6e-a102-414bbad8181a.webp?v=1746541420&width=1920', 'https://lectricebikes.com/cdn/shop/files/blust_side_1x_4eb34437-d326-4644-8109-cd1ff4812a65.webp?v=1746541420&width=1920', 'https://lectricebikes.com/cdn/shop/files/blust_side2_1x_59875f71-e0c1-459e-8579-b1842753117b.webp?v=1746541420&width=1920', 'https://lectricebikes.com/cdn/shop/files/preview_images/hqdefault_49d258c4-997a-498a-b220-985835dcbd19.jpg?v=1746514823&width=1920', 'https://lectricebikes.com/cdn/shop/files/XP4_Blue_360-01.webp?v=1746543228&width=600']","['https://lectricebikes.com/cdn/shop/files/blust_bundle_1x_88550db9-296e-4d30-8c29-f826d813d19b.webp?v=1746541420&width=1920', 'https://lectricebikes.com/cdn/shop/files/BLUST-plain.jpg?v=1746541420&width=1920', 'https://lectricebikes.com/cdn/shop/files/BLUST-woman.jpg?v=1746541420&width=1920', 'https://lectricebikes.com/cdn/shop/files/BLUST-msc2.jpg?v=1746541420&width=1920', 'https://lectricebikes.com/cdn/shop/files/BLUST-msc1.jpg?v=1746541420&width=1920', 'https://lectricebikes.com/cdn/shop/files/BLUST-people.jpg?v=1746541420&width=1920', 'https://lectricebikes.com/cdn/shop/files/602-brakes_c60df50b-e8f1-49bf-bfa9-8f73133c74d7.jpg?v=1746541420&width=1920', 'https://lectricebikes.com/cdn/shop/files/BLUST-msc2-1.jpg?v=1746541420&width=1920', 'https://lectricebikes.com/cdn/shop/files/Display-settings_f13db40a-8d16-47f5-a0b0-ad36ebd806cb.jpg?v=1746541420&width=1920', 'https://lectricebikes.com/cdn/shop/files/Shifter_c68dd782-385c-4c98-80d0-eac7e7d060ae.jpg?v=1746541420&width=1920', 'https://lectricebikes.com/cdn/shop/files/blust_folded_1x_358b2b60-53e1-407e-b5e0-1de6a9f226f0.webp?v=1746541420&width=1920', 'https://lectricebikes.com/cdn/shop/files/blust_angle_90_1_1x_68c41bca-f513-4b6d-baf4-b9425ba76ec2.webp?v=1746541420&width=1920', 'https://lectricebikes.com/cdn/shop/files/blust_angle_90_1x_ff1e2104-9173-477a-b0a1-c0821a10d4da.webp?v=1746541420&width=1920', 'https://lectricebikes.com/cdn/shop/files/blust_front_1x_d691ada2-7620-4672-a6d8-965b2b18bb0e.webp?v=1746541420&width=1920', 'https://lectricebikes.com/cdn/shop/files/blust_rear_1x_2ba247f1-eefc-4f6e-a102-414bbad8181a.webp?v=1746541420&width=1920', 'https://lectricebikes.com/cdn/shop/files/blust_side_1x_4eb34437-d326-4644-8109-cd1ff4812a65.webp?v=1746541420&width=1920', 'https://lectricebikes.com/cdn/shop/files/blust_side2_1x_59875f71-e0c1-459e-8579-b1842753117b.webp?v=1746541420&width=1920', 'https://lectricebikes.com/cdn/shop/files/preview_images/hqdefault_49d258c4-997a-498a-b220-985835dcbd19.jpg?v=1746514823&width=1920', 'https://lectricebikes.com/cdn/shop/files/XP4_Blue_360-01.webp?v=1746543228&width=600']",Lectric eBikes,xp-step-thru-blue-long-range,en-US,https://lectricebikes.com/products/xp-step-thru-blue-long-range,2025-05-23T02:21:26.138772
XP4 750 Pine Green eBike,1299.0,,"An integrated & removable 48V, 17.5Ah lithium-ion battery certified to UL 2271 makes for a clean design while powering your ride for up to 85 miles on a single charge.** The XP4 is also certified to UL 2849.† Removing the battery from the frame is a breeze with the side-facing key port location.","['https://lectricebikes.com/cdn/shop/files/gxp_bundle_1x_de1fa205-e452-42e6-8077-a66defa678d0.webp?v=1746541403&width=1920', 'https://lectricebikes.com/cdn/shop/files/GXP-plain.jpg?v=1746541403&width=1920', 'https://lectricebikes.com/cdn/shop/files/GXP-fold.jpg?v=1746541403&width=1920', 'https://lectricebikes.com/cdn/shop/files/GXP-msc1.jpg?v=1746541403&width=1920', 'https://lectricebikes.com/cdn/shop/files/GXP-people.jpg?v=1746541403&width=1920', 'https://lectricebikes.com/cdn/shop/files/GXP-msc2.jpg?v=1746541403&width=1920', 'https://lectricebikes.com/cdn/shop/files/GXP-msc3.jpg?v=1746541403&width=1920', 'https://lectricebikes.com/cdn/shop/files/602-brakes-1_1a8c2c9d-c768-4455-8b5f-ddeb4acc872c.jpg?v=1746541403&width=1920', 'https://lectricebikes.com/cdn/shop/files/Display-RiderModes_ea935fde-096e-46fc-9f57-7b85c7cc5828.jpg?v=1746541403&width=1920', 'https://lectricebikes.com/cdn/shop/files/gxp_angle_90_1_1x_e519b3fe-b5b8-461c-bfea-0fb176044ff2.webp?v=1746541403&width=1920', 'https://lectricebikes.com/cdn/shop/files/gxp_angle_90_1x_cb1fb956-d5fd-43cd-9f94-8568d26ec141.webp?v=1746541403&width=1920', 'https://lectricebikes.com/cdn/shop/files/gxp_folded_1x_146974f8-7d50-41e9-a0ff-782e41c2d65d.webp?v=1746541403&width=1920', 'https://lectricebikes.com/cdn/shop/files/gxp_front_1x_92955391-5a9f-4c2b-a8cd-b164ad922724.webp?v=1746541403&width=1920', 'https://lectricebikes.com/cdn/shop/files/gxp_rear_1x_a440c0cd-9994-4924-a97f-93ce5a01b977.webp?v=1746541403&width=1920', 'https://lectricebikes.com/cdn/shop/files/preview_images/hqdefault_49d258c4-997a-498a-b220-985835dcbd19.jpg?v=1746514823&width=1920', 'https://lectricebikes.com/cdn/shop/files/gxp_side_1x_0d0c229b-8165-455a-a796-4ec97ce177de.webp?v=1746543299&width=1920', 'https://lectricebikes.com/cdn/shop/files/XP4_Green_360-01.webp?v=1746543299&width=600']","['https://lectricebikes.com/cdn/shop/files/gxp_bundle_1x_de1fa205-e452-42e6-8077-a66defa678d0.webp?v=1746541403&width=1920', 'https://lectricebikes.com/cdn/shop/files/GXP-plain.jpg?v=1746541403&width=1920', 'https://lectricebikes.com/cdn/shop/files/GXP-fold.jpg?v=1746541403&width=1920', 'https://lectricebikes.com/cdn/shop/files/GXP-msc1.jpg?v=1746541403&width=1920', 'https://lectricebikes.com/cdn/shop/files/GXP-people.jpg?v=1746541403&width=1920', 'https://lectricebikes.com/cdn/shop/files/GXP-msc2.jpg?v=1746541403&width=1920', 'https://lectricebikes.com/cdn/shop/files/GXP-msc3.jpg?v=1746541403&width=1920', 'https://lectricebikes.com/cdn/shop/files/602-brakes-1_1a8c2c9d-c768-4455-8b5f-ddeb4acc872c.jpg?v=1746541403&width=1920', 'https://lectricebikes.com/cdn/shop/files/Display-RiderModes_ea935fde-096e-46fc-9f57-7b85c7cc5828.jpg?v=1746541403&width=1920', 'https://lectricebikes.com/cdn/shop/files/gxp_angle_90_1_1x_e519b3fe-b5b8-461c-bfea-0fb176044ff2.webp?v=1746541403&width=1920', 'https://lectricebikes.com/cdn/shop/files/gxp_angle_90_1x_cb1fb956-d5fd-43cd-9f94-8568d26ec141.webp?v=1746541403&width=1920', 'https://lectricebikes.com/cdn/shop/files/gxp_folded_1x_146974f8-7d50-41e9-a0ff-782e41c2d65d.webp?v=1746541403&width=1920', 'https://lectricebikes.com/cdn/shop/files/gxp_front_1x_92955391-5a9f-4c2b-a8cd-b164ad922724.webp?v=1746541403&width=1920', 'https://lectricebikes.com/cdn/shop/files/gxp_rear_1x_a440c0cd-9994-4924-a97f-93ce5a01b977.webp?v=1746541403&width=1920', 'https://lectricebikes.com/cdn/shop/files/preview_images/hqdefault_49d258c4-997a-498a-b220-985835dcbd19.jpg?v=1746514823&width=1920', 'https://lectricebikes.com/cdn/shop/files/gxp_side_1x_0d0c229b-8165-455a-a796-4ec97ce177de.webp?v=1746543299&width=1920', 'https://lectricebikes.com/cdn/shop/files/XP4_Green_360-01.webp?v=1746543299&width=600']",Lectric eBikes,xp-green-long-range,en-US,https://lectricebikes.com/products/xp-green-long-range,2025-05-23T02:21:27.775037
XPeak High-Step 2.0 Long-Range eBike,1699.0,,"A removable 48V 20Ah lithium-ion battery certified to UL 2271, integrated on the down tube of the frame with a color-matched plate, makes for a clean and easily-accessible design.† The XPeak is also certified to UL 2849.","['https://lectricebikes.com/cdn/shop/files/b-xpeak-side-BFB.webp?v=1746817827&width=1920', 'https://lectricebikes.com/cdn/shop/files/XPeak-Black_de742df4-cb61-45ab-a42a-68d7640d5e7c.jpg?v=1746817827&width=1920', 'https://lectricebikes.com/cdn/shop/files/XPeak-Black-1.jpg?v=1746817827&width=1920', 'https://lectricebikes.com/cdn/shop/files/XPeak-black-battery.jpg?v=1746817827&width=1920', 'https://lectricebikes.com/cdn/shop/files/XPeak-tires.jpg?v=1746817827&width=1920', 'https://lectricebikes.com/cdn/shop/files/XPeak-brakes.jpg?v=1746817827&width=1920', 'https://lectricebikes.com/cdn/shop/files/XPeakST-people.jpg?v=1746817827&width=1920', 'https://lectricebikes.com/cdn/shop/files/XPeak-display.jpg?v=1746817827&width=1920', 'https://lectricebikes.com/cdn/shop/files/XPeak-Black-fork.jpg?v=1746817827&width=1920', 'https://lectricebikes.com/cdn/shop/files/XPeak-HSb-review.jpg?v=1746817827&width=1920', 'https://lectricebikes.com/cdn/shop/files/XPeakHS-people.jpg?v=1746817827&width=1920', 'https://lectricebikes.com/cdn/shop/files/b-xpeak-angle-BFB.webp?v=1746736071&width=1920', 'https://lectricebikes.com/cdn/shop/files/b-xpeak-back.webp?v=1746736071&width=1920', 'https://lectricebikes.com/cdn/shop/files/b-xpeak-front.webp?v=1746736071&width=1920', 'https://lectricebikes.com/cdn/shop/files/b-xpeak-angle.webp?v=1746736071&width=1920', 'https://lectricebikes.com/cdn/shop/files/preview_images/hqdefault_90fa22b4-d1f3-426f-aa77-e8ecc9776898.jpg?v=1731702602&width=1920', 'https://lectricebikes.com/cdn/shop/files/b-xpeak-side.webp?v=1746736071&width=1920', 'https://lectricebikes.com/cdn/shop/files/b-xpeak-side2.webp?v=1746736071&width=1920', 'https://lectricebikes.com/cdn/shop/files/LectricXPeak2.0_HS_360-01.webp?v=1746736071&width=600']","['https://lectricebikes.com/cdn/shop/files/b-xpeak-side-BFB.webp?v=1746817827&width=1920', 'https://lectricebikes.com/cdn/shop/files/XPeak-Black_de742df4-cb61-45ab-a42a-68d7640d5e7c.jpg?v=1746817827&width=1920', 'https://lectricebikes.com/cdn/shop/files/XPeak-Black-1.jpg?v=1746817827&width=1920', 'https://lectricebikes.com/cdn/shop/files/XPeak-black-battery.jpg?v=1746817827&width=1920', 'https://lectricebikes.com/cdn/shop/files/XPeak-tires.jpg?v=1746817827&width=1920', 'https://lectricebikes.com/cdn/shop/files/XPeak-brakes.jpg?v=1746817827&width=1920', 'https://lectricebikes.com/cdn/shop/files/XPeakST-people.jpg?v=1746817827&width=1920', 'https://lectricebikes.com/cdn/shop/files/XPeak-display.jpg?v=1746817827&width=1920', 'https://lectricebikes.com/cdn/shop/files/XPeak-Black-fork.jpg?v=1746817827&width=1920', 'https://lectricebikes.com/cdn/shop/files/XPeak-HSb-review.jpg?v=1746817827&width=1920', 'https://lectricebikes.com/cdn/shop/files/XPeakHS-people.jpg?v=1746817827&width=1920', 'https://lectricebikes.com/cdn/shop/files/b-xpeak-angle-BFB.webp?v=1746736071&width=1920', 'https://lectricebikes.com/cdn/shop/files/b-xpeak-back.webp?v=1746736071&width=1920', 'https://lectricebikes.com/cdn/shop/files/b-xpeak-front.webp?v=1746736071&width=1920', 'https://lectricebikes.com/cdn/shop/files/b-xpeak-angle.webp?v=1746736071&width=1920', 'https://lectricebikes.com/cdn/shop/files/preview_images/hqdefault_90fa22b4-d1f3-426f-aa77-e8ecc9776898.jpg?v=1731702602&width=1920', 'https://lectricebikes.com/cdn/shop/files/b-xpeak-side.webp?v=1746736071&width=1920', 'https://lectricebikes.com/cdn/shop/files/b-xpeak-side2.webp?v=1746736071&width=1920', 'https://lectricebikes.com/cdn/shop/files/LectricXPeak2.0_HS_360-01.webp?v=1746736071&width=600']",Lectric eBikes,xpeak-high-step-long-range-ebike,en-US,https://lectricebikes.com/products/xpeak-high-step-long-range-ebike,2025-05-23T02:21:29.412812
XP Lite 2.0 Sandstorm eBike,799.0,,48V Lithium-Ion battery certified to UL 2271 with Standard or Long-Range options to power your ride for up to 45 or 80 miles respectively*. The Lectric XP Lite is also certified to UL 2849.,"['https://lectricebikes.com/cdn/shop/files/xpl-sand-1_4f9e80a3-645b-47e7-aa4d-e9ad744b92c0.webp?v=1747371712&width=1920', 'https://lectricebikes.com/cdn/shop/files/XPL-Tan-3.jpg?v=1746718329&width=1920', 'https://lectricebikes.com/cdn/shop/files/XPL-Tan-4.jpg?v=1746718329&width=1920', 'https://lectricebikes.com/cdn/shop/files/XPL-Tan-5.jpg?v=1746718329&width=1920', 'https://lectricebikes.com/cdn/shop/files/XPL-Tan-1.jpg?v=1746718329&width=1920', 'https://lectricebikes.com/cdn/shop/files/XPL-Tan_861a289e-4c18-4af2-9be8-f92ffb552d3c.jpg?v=1746718329&width=1920', 'https://lectricebikes.com/cdn/shop/files/XPL-Tan-2.jpg?v=1746718329&width=1920', 'https://lectricebikes.com/cdn/shop/files/XPL-tan-review.jpg?v=1746718329&width=1920', 'https://lectricebikes.com/cdn/shop/files/tan-folded_e8a3fbfc-c496-4d2b-a54b-7811f039b47e.webp?v=1747371712&width=1920', 'https://lectricebikes.com/cdn/shop/files/tan-side.webp?v=1747371712&width=1920', 'https://lectricebikes.com/cdn/shop/files/xpl-sand-2_d6832002-947c-41d7-8462-957652236eca.webp?v=1747371712&width=1920', 'https://lectricebikes.com/cdn/shop/files/tan-side2.webp?v=1747371712&width=1920', 'https://lectricebikes.com/cdn/shop/files/tan-front.webp?v=1746718329&width=1920', 'https://lectricebikes.com/cdn/shop/files/preview_images/hqdefault_0ef85e20-1712-44f9-8f84-6e8c0cb26c23.jpg?v=1722638444&width=1920', 'https://lectricebikes.com/cdn/shop/files/Lectric_XPLite2.0_sandstorm_360-01.webp?v=1746718329&width=600']","['https://lectricebikes.com/cdn/shop/files/xpl-sand-1_4f9e80a3-645b-47e7-aa4d-e9ad744b92c0.webp?v=1747371712&width=1920', 'https://lectricebikes.com/cdn/shop/files/XPL-Tan-3.jpg?v=1746718329&width=1920', 'https://lectricebikes.com/cdn/shop/files/XPL-Tan-4.jpg?v=1746718329&width=1920', 'https://lectricebikes.com/cdn/shop/files/XPL-Tan-5.jpg?v=1746718329&width=1920', 'https://lectricebikes.com/cdn/shop/files/XPL-Tan-1.jpg?v=1746718329&width=1920', 'https://lectricebikes.com/cdn/shop/files/XPL-Tan_861a289e-4c18-4af2-9be8-f92ffb552d3c.jpg?v=1746718329&width=1920', 'https://lectricebikes.com/cdn/shop/files/XPL-Tan-2.jpg?v=1746718329&width=1920', 'https://lectricebikes.com/cdn/shop/files/XPL-tan-review.jpg?v=1746718329&width=1920', 'https://lectricebikes.com/cdn/shop/files/tan-folded_e8a3fbfc-c496-4d2b-a54b-7811f039b47e.webp?v=1747371712&width=1920', 'https://lectricebikes.com/cdn/shop/files/tan-side.webp?v=1747371712&width=1920', 'https://lectricebikes.com/cdn/shop/files/xpl-sand-2_d6832002-947c-41d7-8462-957652236eca.webp?v=1747371712&width=1920', 'https://lectricebikes.com/cdn/shop/files/tan-side2.webp?v=1747371712&width=1920', 'https://lectricebikes.com/cdn/shop/files/tan-front.webp?v=1746718329&width=1920', 'https://lectricebikes.com/cdn/shop/files/preview_images/hqdefault_0ef85e20-1712-44f9-8f84-6e8c0cb26c23.jpg?v=1722638444&width=1920', 'https://lectricebikes.com/cdn/shop/files/Lectric_XPLite2.0_sandstorm_360-01.webp?v=1746718329&width=600']",Lectric eBikes,xp-lite-sandstorm,en-US,https://lectricebikes.com/products/xp-lite-sandstorm,2025-05-23T02:21:30.974374
XPress Step-Thru eBike,999.0,,"A removable 48V 10.4Ah lithium-ion battery certified to UL 2271, integrated on the down tube of the frame, makes for a clean and easily-accessible design.† The XPress is also certified to UL 2849.","['https://lectricebikes.com/cdn/shop/files/WHT_XPress_DS_90.webp?v=1723156598&width=1920', 'https://lectricebikes.com/cdn/shop/files/XPress-white_f314d147-a513-4f76-8ff8-a903664d810f.jpg?v=1747237175&width=1920', 'https://lectricebikes.com/cdn/shop/files/XPress-white-6.jpg?v=1747237175&width=1920', 'https://lectricebikes.com/cdn/shop/files/XPress-white-1.jpg?v=1747237175&width=1920', 'https://lectricebikes.com/cdn/shop/files/XPress-white-5.jpg?v=1747237175&width=1920', 'https://lectricebikes.com/cdn/shop/files/XPress-white_7bc39725-803b-48a8-9d94-1c9e5478ae7e.jpg?v=1747237175&width=1920', 'https://lectricebikes.com/cdn/shop/files/XPress-white-4.jpg?v=1747237175&width=1920', 'https://lectricebikes.com/cdn/shop/files/XPress-white-2.jpg?v=1747237175&width=1920', 'https://lectricebikes.com/cdn/shop/files/w-1_f42b5abd-5e7c-44ec-b9fa-87dec8b2eb75.webp?v=1747237175&width=1920', 'https://lectricebikes.com/cdn/shop/files/WHT_XPress_DS_45_68b97612-a237-4cc1-926c-1dbf0960eb65.webp?v=1747237175&width=1920', 'https://lectricebikes.com/cdn/shop/files/WHT_XPress_Straight.webp?v=1747237175&width=1920', 'https://lectricebikes.com/cdn/shop/files/preview_images/hqdefault_961daa17-9a21-4587-bb46-7ff38c2490ea.jpg?v=1722637891&width=1920', 'https://lectricebikes.com/cdn/shop/files/XPressLow_360-01_c0667f6f-68a0-4617-a6dc-79ac9637a98b.webp?v=1747237175&width=600']","['https://lectricebikes.com/cdn/shop/files/WHT_XPress_DS_90.webp?v=1723156598&width=1920', 'https://lectricebikes.com/cdn/shop/files/XPress-white_f314d147-a513-4f76-8ff8-a903664d810f.jpg?v=1747237175&width=1920', 'https://lectricebikes.com/cdn/shop/files/XPress-white-6.jpg?v=1747237175&width=1920', 'https://lectricebikes.com/cdn/shop/files/XPress-white-1.jpg?v=1747237175&width=1920', 'https://lectricebikes.com/cdn/shop/files/XPress-white-5.jpg?v=1747237175&width=1920', 'https://lectricebikes.com/cdn/shop/files/XPress-white_7bc39725-803b-48a8-9d94-1c9e5478ae7e.jpg?v=1747237175&width=1920', 'https://lectricebikes.com/cdn/shop/files/XPress-white-4.jpg?v=1747237175&width=1920', 'https://lectricebikes.com/cdn/shop/files/XPress-white-2.jpg?v=1747237175&width=1920', 'https://lectricebikes.com/cdn/shop/files/w-1_f42b5abd-5e7c-44ec-b9fa-87dec8b2eb75.webp?v=1747237175&width=1920', 'https://lectricebikes.com/cdn/shop/files/WHT_XPress_DS_45_68b97612-a237-4cc1-926c-1dbf0960eb65.webp?v=1747237175&width=1920', 'https://lectricebikes.com/cdn/shop/files/WHT_XPress_Straight.webp?v=1747237175&width=1920', 'https://lectricebikes.com/cdn/shop/files/preview_images/hqdefault_961daa17-9a21-4587-bb46-7ff38c2490ea.jpg?v=1722637891&width=1920', 'https://lectricebikes.com/cdn/shop/files/XPressLow_360-01_c0667f6f-68a0-4617-a6dc-79ac9637a98b.webp?v=1747237175&width=600']",Lectric eBikes,xpress-step-thru-ebike,en-US,https://lectricebikes.com/products/xpress-step-thru-ebike,2025-05-23T02:21:32.790555
XPeak High-Step 2.0 eBike,1499.0,,"A removable 48V 15Ah lithium-ion battery certified to UL 2271, integrated on the down tube of the frame with a color-matched plate, makes for a clean and easily-accessible design.† The XPeak is also certified to UL 2849.","['https://lectricebikes.com/cdn/shop/files/b-xpeak-side_fender-rack_4f5d2164-144c-4689-a0e0-5dcc3c167457.webp?v=1746820149&width=1920', 'https://lectricebikes.com/cdn/shop/files/XPeak-Black_0d477f38-e938-4369-a00c-fce88ea36f46.jpg?v=1746820149&width=1920', 'https://lectricebikes.com/cdn/shop/files/XPeak-Black-fork_f36d7382-ef74-42cf-8349-b738f5bc754d.jpg?v=1746820149&width=1920', 'https://lectricebikes.com/cdn/shop/files/XPeak-Black-1_b189f8b4-b5f3-4d5c-b1b9-af9574bc43ed.jpg?v=1746820149&width=1920', 'https://lectricebikes.com/cdn/shop/files/XPeakST-people_412c73fc-bac9-43ac-95c3-292f9059b242.jpg?v=1746820149&width=1920', 'https://lectricebikes.com/cdn/shop/files/XPeak-brakes_5864976c-d5be-47af-98c8-a547335a112f.jpg?v=1746820149&width=1920', 'https://lectricebikes.com/cdn/shop/files/XPeak-display_b422b25f-63a5-4ef3-9bec-8dbd97f974bb.jpg?v=1746820149&width=1920', 'https://lectricebikes.com/cdn/shop/files/XPeak-black-battery_905319c4-dc5c-4966-bd42-7020d3e98af0.jpg?v=1746820149&width=1920', 'https://lectricebikes.com/cdn/shop/files/XPeak-tires_ab846246-67b4-490c-9f77-554adf4af29f.jpg?v=1746820149&width=1920', 'https://lectricebikes.com/cdn/shop/files/XPeak-HSb-review_e986e3e2-e8f4-4e70-8d4a-351d4784c464.jpg?v=1746820149&width=1920', 'https://lectricebikes.com/cdn/shop/files/XPeakHS-people_a085ad28-54b2-445d-80dc-dbd6e61ec77c.jpg?v=1746820149&width=1920', 'https://lectricebikes.com/cdn/shop/files/b-xpeak-angle_fenders-rack_9140f61b-5315-453e-9ebd-24f1f2ac1dba.webp?v=1746736071&width=1920', 'https://lectricebikes.com/cdn/shop/files/b-xpeak-side.webp?v=1746736071&width=1920', 'https://lectricebikes.com/cdn/shop/files/b-xpeak-angle.webp?v=1746736071&width=1920', 'https://lectricebikes.com/cdn/shop/files/b-xpeak-side-BFB.webp?v=1746817827&width=1920', 'https://lectricebikes.com/cdn/shop/files/b-xpeak-angle-BFB.webp?v=1746736071&width=1920', 'https://lectricebikes.com/cdn/shop/files/b-xpeak-front.webp?v=1746736071&width=1920', 'https://lectricebikes.com/cdn/shop/files/b-xpeak-back.webp?v=1746736071&width=1920', 'https://lectricebikes.com/cdn/shop/files/preview_images/hqdefault_90fa22b4-d1f3-426f-aa77-e8ecc9776898.jpg?v=1731702602&width=1920', 'https://lectricebikes.com/cdn/shop/files/b-xpeak-side2.webp?v=1746736071&width=1920', 'https://lectricebikes.com/cdn/shop/files/LectricXPeak2.0_HS_360-01.webp?v=1746736071&width=600']","['https://lectricebikes.com/cdn/shop/files/b-xpeak-side_fender-rack_4f5d2164-144c-4689-a0e0-5dcc3c167457.webp?v=1746820149&width=1920', 'https://lectricebikes.com/cdn/shop/files/XPeak-Black_0d477f38-e938-4369-a00c-fce88ea36f46.jpg?v=1746820149&width=1920', 'https://lectricebikes.com/cdn/shop/files/XPeak-Black-fork_f36d7382-ef74-42cf-8349-b738f5bc754d.jpg?v=1746820149&width=1920', 'https://lectricebikes.com/cdn/shop/files/XPeak-Black-1_b189f8b4-b5f3-4d5c-b1b9-af9574bc43ed.jpg?v=1746820149&width=1920', 'https://lectricebikes.com/cdn/shop/files/XPeakST-people_412c73fc-bac9-43ac-95c3-292f9059b242.jpg?v=1746820149&width=1920', 'https://lectricebikes.com/cdn/shop/files/XPeak-brakes_5864976c-d5be-47af-98c8-a547335a112f.jpg?v=1746820149&width=1920', 'https://lectricebikes.com/cdn/shop/files/XPeak-display_b422b25f-63a5-4ef3-9bec-8dbd97f974bb.jpg?v=1746820149&width=1920', 'https://lectricebikes.com/cdn/shop/files/XPeak-black-battery_905319c4-dc5c-4966-bd42-7020d3e98af0.jpg?v=1746820149&width=1920', 'https://lectricebikes.com/cdn/shop/files/XPeak-tires_ab846246-67b4-490c-9f77-554adf4af29f.jpg?v=1746820149&width=1920', 'https://lectricebikes.com/cdn/shop/files/XPeak-HSb-review_e986e3e2-e8f4-4e70-8d4a-351d4784c464.jpg?v=1746820149&width=1920', 'https://lectricebikes.com/cdn/shop/files/XPeakHS-people_a085ad28-54b2-445d-80dc-dbd6e61ec77c.jpg?v=1746820149&width=1920', 'https://lectricebikes.com/cdn/shop/files/b-xpeak-angle_fenders-rack_9140f61b-5315-453e-9ebd-24f1f2ac1dba.webp?v=1746736071&width=1920', 'https://lectricebikes.com/cdn/shop/files/b-xpeak-side.webp?v=1746736071&width=1920', 'https://lectricebikes.com/cdn/shop/files/b-xpeak-angle.webp?v=1746736071&width=1920', 'https://lectricebikes.com/cdn/shop/files/b-xpeak-side-BFB.webp?v=1746817827&width=1920', 'https://lectricebikes.com/cdn/shop/files/b-xpeak-angle-BFB.webp?v=1746736071&width=1920', 'https://lectricebikes.com/cdn/shop/files/b-xpeak-front.webp?v=1746736071&width=1920', 'https://lectricebikes.com/cdn/shop/files/b-xpeak-back.webp?v=1746736071&width=1920', 'https://lectricebikes.com/cdn/shop/files/preview_images/hqdefault_90fa22b4-d1f3-426f-aa77-e8ecc9776898.jpg?v=1731702602&width=1920', 'https://lectricebikes.com/cdn/shop/files/b-xpeak-side2.webp?v=1746736071&width=1920', 'https://lectricebikes.com/cdn/shop/files/LectricXPeak2.0_HS_360-01.webp?v=1746736071&width=600']",Lectric eBikes,xpeak-high-step-ebike,en-US,https://lectricebikes.com/products/xpeak-high-step-ebike,2025-05-23T02:21:34.460774
XP4 750 Step-Thru Tempest Grey eBike,1299.0,,"An integrated & removable 48V, 17.5Ah lithium-ion battery certified to UL 2271 makes for a clean design while powering your ride for up to 85 miles on a single charge.** The XP4 is also certified to UL 2849.† Removing the battery from the frame is a breeze with the side-facing key port location.","['https://lectricebikes.com/cdn/shop/files/bst_bundle_1x_5ec32114-bc1e-48f5-adf6-fcc9e97114f1.webp?v=1746541429&width=1920', 'https://lectricebikes.com/cdn/shop/files/BST-folded.jpg?v=1746541429&width=1920', 'https://lectricebikes.com/cdn/shop/files/BST-people.jpg?v=1746541429&width=1920', 'https://lectricebikes.com/cdn/shop/files/BST-pedals.jpg?v=1746541429&width=1920', 'https://lectricebikes.com/cdn/shop/files/BST-plain_c972d47a-bfb5-4674-8a64-5eb3c5186f7d.jpg?v=1746541429&width=1920', 'https://lectricebikes.com/cdn/shop/files/BST-man_562ca028-4fad-4baf-8273-673d13ba690c.jpg?v=1746541429&width=1920', 'https://lectricebikes.com/cdn/shop/files/602-brakes-1_ce92d7a7-2e32-4bd4-aa19-5f51273beb73.jpg?v=1746541429&width=1920', 'https://lectricebikes.com/cdn/shop/files/Shifter_023e3f1e-70ef-4831-ac03-b32624ddce74.jpg?v=1746541429&width=1920', 'https://lectricebikes.com/cdn/shop/files/Display-RiderModes_df7ea792-99bc-4587-965a-021e7a79c4ed.jpg?v=1746541429&width=1920', 'https://lectricebikes.com/cdn/shop/files/bst_angle_90_1_1x_0e325406-83a9-4173-89ef-3ab816fe5e0a.webp?v=1746541429&width=1920', 'https://lectricebikes.com/cdn/shop/files/bst_angle_90_1x_1c68cc4f-1521-4f41-bc65-85aa41d0621b.webp?v=1746541429&width=1920', 'https://lectricebikes.com/cdn/shop/files/bst_folded_1x_b44222dd-d446-4dcb-a2f7-d27d1083de73.webp?v=1746541429&width=1920', 'https://lectricebikes.com/cdn/shop/files/bst_front_1x_9000e473-4789-4b78-8bb6-1af567a499e6.webp?v=1746541429&width=1920', 'https://lectricebikes.com/cdn/shop/files/bst_rear_1x_6f61dada-072b-44be-b6c1-5987aae4c39e.webp?v=1746541429&width=1920', 'https://lectricebikes.com/cdn/shop/files/bst_side_1x_124c8abe-9943-4439-a1c9-c6974386adeb.webp?v=1746541429&width=1920', 'https://lectricebikes.com/cdn/shop/files/bst_side2_1x_601fdf62-f15b-46fa-bf86-dee7978aeeb7.webp?v=1746543201&width=1920', 'https://lectricebikes.com/cdn/shop/files/preview_images/hqdefault_49d258c4-997a-498a-b220-985835dcbd19.jpg?v=1746514823&width=1920', 'https://lectricebikes.com/cdn/shop/files/XP4_Black_Low_360_01.webp?v=1746543191&width=600']","['https://lectricebikes.com/cdn/shop/files/bst_bundle_1x_5ec32114-bc1e-48f5-adf6-fcc9e97114f1.webp?v=1746541429&width=1920', 'https://lectricebikes.com/cdn/shop/files/BST-folded.jpg?v=1746541429&width=1920', 'https://lectricebikes.com/cdn/shop/files/BST-people.jpg?v=1746541429&width=1920', 'https://lectricebikes.com/cdn/shop/files/BST-pedals.jpg?v=1746541429&width=1920', 'https://lectricebikes.com/cdn/shop/files/BST-plain_c972d47a-bfb5-4674-8a64-5eb3c5186f7d.jpg?v=1746541429&width=1920', 'https://lectricebikes.com/cdn/shop/files/BST-man_562ca028-4fad-4baf-8273-673d13ba690c.jpg?v=1746541429&width=1920', 'https://lectricebikes.com/cdn/shop/files/602-brakes-1_ce92d7a7-2e32-4bd4-aa19-5f51273beb73.jpg?v=1746541429&width=1920', 'https://lectricebikes.com/cdn/shop/files/Shifter_023e3f1e-70ef-4831-ac03-b32624ddce74.jpg?v=1746541429&width=1920', 'https://lectricebikes.com/cdn/shop/files/Display-RiderModes_df7ea792-99bc-4587-965a-021e7a79c4ed.jpg?v=1746541429&width=1920', 'https://lectricebikes.com/cdn/shop/files/bst_angle_90_1_1x_0e325406-83a9-4173-89ef-3ab816fe5e0a.webp?v=1746541429&width=1920', 'https://lectricebikes.com/cdn/shop/files/bst_angle_90_1x_1c68cc4f-1521-4f41-bc65-85aa41d0621b.webp?v=1746541429&width=1920', 'https://lectricebikes.com/cdn/shop/files/bst_folded_1x_b44222dd-d446-4dcb-a2f7-d27d1083de73.webp?v=1746541429&width=1920', 'https://lectricebikes.com/cdn/shop/files/bst_front_1x_9000e473-4789-4b78-8bb6-1af567a499e6.webp?v=1746541429&width=1920', 'https://lectricebikes.com/cdn/shop/files/bst_rear_1x_6f61dada-072b-44be-b6c1-5987aae4c39e.webp?v=1746541429&width=1920', 'https://lectricebikes.com/cdn/shop/files/bst_side_1x_124c8abe-9943-4439-a1c9-c6974386adeb.webp?v=1746541429&width=1920', 'https://lectricebikes.com/cdn/shop/files/bst_side2_1x_601fdf62-f15b-46fa-bf86-dee7978aeeb7.webp?v=1746543201&width=1920', 'https://lectricebikes.com/cdn/shop/files/preview_images/hqdefault_49d258c4-997a-498a-b220-985835dcbd19.jpg?v=1746514823&width=1920', 'https://lectricebikes.com/cdn/shop/files/XP4_Black_Low_360_01.webp?v=1746543191&width=600']",Lectric eBikes,xp-step-thru-black-long-range,en-US,https://lectricebikes.com/products/xp-step-thru-black-long-range,2025-05-23T02:21:36.021216
